count,dataset,method,mode,model_type,pred_label,seed,source_file,true_label
55,mock,adaptive_ldp,fixed_attacker,lstm,other,42,outputs/experiments/mock/seed_42/lstm/adaptive_ldp/fixed_attacker/confusion.json,cooking
42,mock,adaptive_ldp,fixed_attacker,lstm,cooking,42,outputs/experiments/mock/seed_42/lstm/adaptive_ldp/fixed_attacker/confusion.json,using_computer
41,mock,adaptive_ldp,fixed_attacker,lstm,other,42,outputs/experiments/mock/seed_42/lstm/adaptive_ldp/fixed_attacker/confusion.json,using_computer
33,mock,adaptive_ldp,fixed_attacker,lstm,cooking,42,outputs/experiments/mock/seed_42/lstm/adaptive_ldp/fixed_attacker/confusion.json,away
23,mock,adaptive_ldp,fixed_attacker,lstm,other,42,outputs/experiments/mock/seed_42/lstm/adaptive_ldp/fixed_attacker/confusion.json,away
22,mock,adaptive_ldp,fixed_attacker,lstm,other,42,outputs/experiments/mock/seed_42/lstm/adaptive_ldp/fixed_attacker/confusion.json,sleep
20,mock,adaptive_ldp,fixed_attacker,lstm,sleep,42,outputs/experiments/mock/seed_42/lstm/adaptive_ldp/fixed_attacker/confusion.json,cooking
17,mock,adaptive_ldp,fixed_attacker,lstm,cooking,42,outputs/experiments/mock/seed_42/lstm/adaptive_ldp/fixed_attacker/confusion.json,sleep
16,mock,adaptive_ldp,fixed_attacker,lstm,sleep,42,outputs/experiments/mock/seed_42/lstm/adaptive_ldp/fixed_attacker/confusion.json,using_computer
14,mock,adaptive_ldp,fixed_attacker,lstm,cooking,42,outputs/experiments/mock/seed_42/lstm/adaptive_ldp/fixed_attacker/confusion.json,other
87,mock,adaptive_ldp,retrain_attacker,lstm,away,42,outputs/experiments/mock/seed_42/lstm/adaptive_ldp/retrain_attacker/confusion.json,cooking
47,mock,adaptive_ldp,retrain_attacker,lstm,sleep,42,outputs/experiments/mock/seed_42/lstm/adaptive_ldp/retrain_attacker/confusion.json,cooking
38,mock,adaptive_ldp,retrain_attacker,lstm,using_computer,42,outputs/experiments/mock/seed_42/lstm/adaptive_ldp/retrain_attacker/confusion.json,cooking
22,mock,adaptive_ldp,retrain_attacker,lstm,other,42,outputs/experiments/mock/seed_42/lstm/adaptive_ldp/retrain_attacker/confusion.json,cooking
19,mock,adaptive_ldp,retrain_attacker,lstm,sleep,42,outputs/experiments/mock/seed_42/lstm/adaptive_ldp/retrain_attacker/confusion.json,away
18,mock,adaptive_ldp,retrain_attacker,lstm,other,42,outputs/experiments/mock/seed_42/lstm/adaptive_ldp/retrain_attacker/confusion.json,using_computer
17,mock,adaptive_ldp,retrain_attacker,lstm,sleep,42,outputs/experiments/mock/seed_42/lstm/adaptive_ldp/retrain_attacker/confusion.json,other
13,mock,adaptive_ldp,retrain_attacker,lstm,using_computer,42,outputs/experiments/mock/seed_42/lstm/adaptive_ldp/retrain_attacker/confusion.json,other
13,mock,adaptive_ldp,retrain_attacker,lstm,cooking,42,outputs/experiments/mock/seed_42/lstm/adaptive_ldp/retrain_attacker/confusion.json,away
12,mock,adaptive_ldp,retrain_attacker,lstm,using_computer,42,outputs/experiments/mock/seed_42/lstm/adaptive_ldp/retrain_attacker/confusion.json,sleep
77,mock,ldp,fixed_attacker,lstm,other,42,outputs/experiments/mock/seed_42/lstm/ldp/fixed_attacker/confusion.json,cooking
74,mock,ldp,fixed_attacker,lstm,other,42,outputs/experiments/mock/seed_42/lstm/ldp/fixed_attacker/confusion.json,using_computer
70,mock,ldp,fixed_attacker,lstm,cooking,42,outputs/experiments/mock/seed_42/lstm/ldp/fixed_attacker/confusion.json,using_computer
33,mock,ldp,fixed_attacker,lstm,cooking,42,outputs/experiments/mock/seed_42/lstm/ldp/fixed_attacker/confusion.json,away
29,mock,ldp,fixed_attacker,lstm,cooking,42,outputs/experiments/mock/seed_42/lstm/ldp/fixed_attacker/confusion.json,other
23,mock,ldp,fixed_attacker,lstm,other,42,outputs/experiments/mock/seed_42/lstm/ldp/fixed_attacker/confusion.json,away
22,mock,ldp,fixed_attacker,lstm,other,42,outputs/experiments/mock/seed_42/lstm/ldp/fixed_attacker/confusion.json,sleep
22,mock,ldp,fixed_attacker,lstm,cooking,42,outputs/experiments/mock/seed_42/lstm/ldp/fixed_attacker/confusion.json,sleep
19,mock,ldp,fixed_attacker,lstm,sleep,42,outputs/experiments/mock/seed_42/lstm/ldp/fixed_attacker/confusion.json,cooking
15,mock,ldp,fixed_attacker,lstm,sleep,42,outputs/experiments/mock/seed_42/lstm/ldp/fixed_attacker/confusion.json,using_computer
92,mock,ldp,retrain_attacker,lstm,using_computer,42,outputs/experiments/mock/seed_42/lstm/ldp/retrain_attacker/confusion.json,cooking
71,mock,ldp,retrain_attacker,lstm,other,42,outputs/experiments/mock/seed_42/lstm/ldp/retrain_attacker/confusion.json,cooking
39,mock,ldp,retrain_attacker,lstm,other,42,outputs/experiments/mock/seed_42/lstm/ldp/retrain_attacker/confusion.json,using_computer
37,mock,ldp,retrain_attacker,lstm,sleep,42,outputs/experiments/mock/seed_42/lstm/ldp/retrain_attacker/confusion.json,cooking
25,mock,ldp,retrain_attacker,lstm,using_computer,42,outputs/experiments/mock/seed_42/lstm/ldp/retrain_attacker/confusion.json,other
23,mock,ldp,retrain_attacker,lstm,other,42,outputs/experiments/mock/seed_42/lstm/ldp/retrain_attacker/confusion.json,away
17,mock,ldp,retrain_attacker,lstm,using_computer,42,outputs/experiments/mock/seed_42/lstm/ldp/retrain_attacker/confusion.json,sleep
16,mock,ldp,retrain_attacker,lstm,other,42,outputs/experiments/mock/seed_42/lstm/ldp/retrain_attacker/confusion.json,sleep
15,mock,ldp,retrain_attacker,lstm,cooking,42,outputs/experiments/mock/seed_42/lstm/ldp/retrain_attacker/confusion.json,using_computer
15,mock,ldp,retrain_attacker,lstm,away,42,outputs/experiments/mock/seed_42/lstm/ldp/retrain_attacker/confusion.json,cooking
87,mock,noise,fixed_attacker,lstm,other,42,outputs/experiments/mock/seed_42/lstm/noise/fixed_attacker/confusion.json,using_computer
62,mock,noise,fixed_attacker,lstm,other,42,outputs/experiments/mock/seed_42/lstm/noise/fixed_attacker/confusion.json,cooking
52,mock,noise,fixed_attacker,lstm,cooking,42,outputs/experiments/mock/seed_42/lstm/noise/fixed_attacker/confusion.json,using_computer
39,mock,noise,fixed_attacker,lstm,cooking,42,outputs/experiments/mock/seed_42/lstm/noise/fixed_attacker/confusion.json,away
29,mock,noise,fixed_attacker,lstm,sleep,42,outputs/experiments/mock/seed_42/lstm/noise/fixed_attacker/confusion.json,using_computer
21,mock,noise,fixed_attacker,lstm,sleep,42,outputs/experiments/mock/seed_42/lstm/noise/fixed_attacker/confusion.json,cooking
20,mock,noise,fixed_attacker,lstm,other,42,outputs/experiments/mock/seed_42/lstm/noise/fixed_attacker/confusion.json,sleep
20,mock,noise,fixed_attacker,lstm,cooking,42,outputs/experiments/mock/seed_42/lstm/noise/fixed_attacker/confusion.json,sleep
15,mock,noise,fixed_attacker,lstm,cooking,42,outputs/experiments/mock/seed_42/lstm/noise/fixed_attacker/confusion.json,other
10,mock,noise,fixed_attacker,lstm,sleep,42,outputs/experiments/mock/seed_42/lstm/noise/fixed_attacker/confusion.json,away
91,mock,noise,retrain_attacker,lstm,away,42,outputs/experiments/mock/seed_42/lstm/noise/retrain_attacker/confusion.json,cooking
59,mock,noise,retrain_attacker,lstm,using_computer,42,outputs/experiments/mock/seed_42/lstm/noise/retrain_attacker/confusion.json,cooking
27,mock,noise,retrain_attacker,lstm,sleep,42,outputs/experiments/mock/seed_42/lstm/noise/retrain_attacker/confusion.json,cooking
26,mock,noise,retrain_attacker,lstm,sleep,42,outputs/experiments/mock/seed_42/lstm/noise/retrain_attacker/confusion.json,using_computer
24,mock,noise,retrain_attacker,lstm,other,42,outputs/experiments/mock/seed_42/lstm/noise/retrain_attacker/confusion.json,using_computer
23,mock,noise,retrain_attacker,lstm,cooking,42,outputs/experiments/mock/seed_42/lstm/noise/retrain_attacker/confusion.json,using_computer
21,mock,noise,retrain_attacker,lstm,other,42,outputs/experiments/mock/seed_42/lstm/noise/retrain_attacker/confusion.json,cooking
17,mock,noise,retrain_attacker,lstm,using_computer,42,outputs/experiments/mock/seed_42/lstm/noise/retrain_attacker/confusion.json,other
16,mock,noise,retrain_attacker,lstm,other,42,outputs/experiments/mock/seed_42/lstm/noise/retrain_attacker/confusion.json,sleep
13,mock,noise,retrain_attacker,lstm,sleep,42,outputs/experiments/mock/seed_42/lstm/noise/retrain_attacker/confusion.json,other
91,mock,adaptive_ldp,fixed_attacker,mlp,cooking,42,outputs/experiments/mock/seed_42/mlp/adaptive_ldp/fixed_attacker/confusion.json,using_computer
80,mock,adaptive_ldp,fixed_attacker,mlp,other,42,outputs/experiments/mock/seed_42/mlp/adaptive_ldp/fixed_attacker/confusion.json,using_computer
59,mock,adaptive_ldp,fixed_attacker,mlp,cooking,42,outputs/experiments/mock/seed_42/mlp/adaptive_ldp/fixed_attacker/confusion.json,other
59,mock,adaptive_ldp,fixed_attacker,mlp,cooking,42,outputs/experiments/mock/seed_42/mlp/adaptive_ldp/fixed_attacker/confusion.json,away
47,mock,adaptive_ldp,fixed_attacker,mlp,cooking,42,outputs/experiments/mock/seed_42/mlp/adaptive_ldp/fixed_attacker/confusion.json,sleep
11,mock,adaptive_ldp,fixed_attacker,mlp,other,42,outputs/experiments/mock/seed_42/mlp/adaptive_ldp/fixed_attacker/confusion.json,cooking
2,mock,adaptive_ldp,fixed_attacker,mlp,other,42,outputs/experiments/mock/seed_42/mlp/adaptive_ldp/fixed_attacker/confusion.json,sleep
121,mock,adaptive_ldp,retrain_attacker,mlp,away,42,outputs/experiments/mock/seed_42/mlp/adaptive_ldp/retrain_attacker/confusion.json,cooking
51,mock,adaptive_ldp,retrain_attacker,mlp,other,42,outputs/experiments/mock/seed_42/mlp/adaptive_ldp/retrain_attacker/confusion.json,cooking
47,mock,adaptive_ldp,retrain_attacker,mlp,sleep,42,outputs/experiments/mock/seed_42/mlp/adaptive_ldp/retrain_attacker/confusion.json,cooking
36,mock,adaptive_ldp,retrain_attacker,mlp,using_computer,42,outputs/experiments/mock/seed_42/mlp/adaptive_ldp/retrain_attacker/confusion.json,cooking
22,mock,adaptive_ldp,retrain_attacker,mlp,other,42,outputs/experiments/mock/seed_42/mlp/adaptive_ldp/retrain_attacker/confusion.json,using_computer
17,mock,adaptive_ldp,retrain_attacker,mlp,away,42,outputs/experiments/mock/seed_42/mlp/adaptive_ldp/retrain_attacker/confusion.json,sleep
14,mock,adaptive_ldp,retrain_attacker,mlp,using_computer,42,outputs/experiments/mock/seed_42/mlp/adaptive_ldp/retrain_attacker/confusion.json,other
11,mock,adaptive_ldp,retrain_attacker,mlp,sleep,42,outputs/experiments/mock/seed_42/mlp/adaptive_ldp/retrain_attacker/confusion.json,away
10,mock,adaptive_ldp,retrain_attacker,mlp,away,42,outputs/experiments/mock/seed_42/mlp/adaptive_ldp/retrain_attacker/confusion.json,other
10,mock,adaptive_ldp,retrain_attacker,mlp,sleep,42,outputs/experiments/mock/seed_42/mlp/adaptive_ldp/retrain_attacker/confusion.json,other
171,mock,ldp,fixed_attacker,mlp,cooking,42,outputs/experiments/mock/seed_42/mlp/ldp/fixed_attacker/confusion.json,using_computer
64,mock,ldp,fixed_attacker,mlp,cooking,42,outputs/experiments/mock/seed_42/mlp/ldp/fixed_attacker/confusion.json,other
59,mock,ldp,fixed_attacker,mlp,cooking,42,outputs/experiments/mock/seed_42/mlp/ldp/fixed_attacker/confusion.json,away
49,mock,ldp,fixed_attacker,mlp,cooking,42,outputs/experiments/mock/seed_42/mlp/ldp/fixed_attacker/confusion.json,sleep
165,mock,ldp,retrain_attacker,mlp,away,42,outputs/experiments/mock/seed_42/mlp/ldp/retrain_attacker/confusion.json,cooking
72,mock,ldp,retrain_attacker,mlp,away,42,outputs/experiments/mock/seed_42/mlp/ldp/retrain_attacker/confusion.json,using_computer
56,mock,ldp,retrain_attacker,mlp,using_computer,42,outputs/experiments/mock/seed_42/mlp/ldp/retrain_attacker/confusion.json,cooking
36,mock,ldp,retrain_attacker,mlp,away,42,outputs/experiments/mock/seed_42/mlp/ldp/retrain_attacker/confusion.json,sleep
35,mock,ldp,retrain_attacker,mlp,away,42,outputs/experiments/mock/seed_42/mlp/ldp/retrain_attacker/confusion.json,other
24,mock,ldp,retrain_attacker,mlp,using_computer,42,outputs/experiments/mock/seed_42/mlp/ldp/retrain_attacker/confusion.json,other
15,mock,ldp,retrain_attacker,mlp,other,42,outputs/experiments/mock/seed_42/mlp/ldp/retrain_attacker/confusion.json,cooking
15,mock,ldp,retrain_attacker,mlp,sleep,42,outputs/experiments/mock/seed_42/mlp/ldp/retrain_attacker/confusion.json,cooking
11,mock,ldp,retrain_attacker,mlp,using_computer,42,outputs/experiments/mock/seed_42/mlp/ldp/retrain_attacker/confusion.json,away
8,mock,ldp,retrain_attacker,mlp,sleep,42,outputs/experiments/mock/seed_42/mlp/ldp/retrain_attacker/confusion.json,using_computer
178,mock,noise,fixed_attacker,mlp,other,42,outputs/experiments/mock/seed_42/mlp/noise/fixed_attacker/confusion.json,cooking
109,mock,noise,fixed_attacker,mlp,other,42,outputs/experiments/mock/seed_42/mlp/noise/fixed_attacker/confusion.json,using_computer
74,mock,noise,fixed_attacker,mlp,using_computer,42,outputs/experiments/mock/seed_42/mlp/noise/fixed_attacker/confusion.json,cooking
40,mock,noise,fixed_attacker,mlp,other,42,outputs/experiments/mock/seed_42/mlp/noise/fixed_attacker/confusion.json,away
31,mock,noise,fixed_attacker,mlp,other,42,outputs/experiments/mock/seed_42/mlp/noise/fixed_attacker/confusion.json,sleep
17,mock,noise,fixed_attacker,mlp,using_computer,42,outputs/experiments/mock/seed_42/mlp/noise/fixed_attacker/confusion.json,other
16,mock,noise,fixed_attacker,mlp,using_computer,42,outputs/experiments/mock/seed_42/mlp/noise/fixed_attacker/confusion.json,sleep
15,mock,noise,fixed_attacker,mlp,using_computer,42,outputs/experiments/mock/seed_42/mlp/noise/fixed_attacker/confusion.json,away
4,mock,noise,fixed_attacker,mlp,cooking,42,outputs/experiments/mock/seed_42/mlp/noise/fixed_attacker/confusion.json,away
3,mock,noise,fixed_attacker,mlp,sleep,42,outputs/experiments/mock/seed_42/mlp/noise/fixed_attacker/confusion.json,cooking
154,mock,noise,retrain_attacker,mlp,away,42,outputs/experiments/mock/seed_42/mlp/noise/retrain_attacker/confusion.json,cooking
69,mock,noise,retrain_attacker,mlp,using_computer,42,outputs/experiments/mock/seed_42/mlp/noise/retrain_attacker/confusion.json,cooking
36,mock,noise,retrain_attacker,mlp,away,42,outputs/experiments/mock/seed_42/mlp/noise/retrain_attacker/confusion.json,using_computer
35,mock,noise,retrain_attacker,mlp,away,42,outputs/experiments/mock/seed_42/mlp/noise/retrain_attacker/confusion.json,other
34,mock,noise,retrain_attacker,mlp,other,42,outputs/experiments/mock/seed_42/mlp/noise/retrain_attacker/confusion.json,using_computer
33,mock,noise,retrain_attacker,mlp,other,42,outputs/experiments/mock/seed_42/mlp/noise/retrain_attacker/confusion.json,cooking
30,mock,noise,retrain_attacker,mlp,away,42,outputs/experiments/mock/seed_42/mlp/noise/retrain_attacker/confusion.json,sleep
18,mock,noise,retrain_attacker,mlp,using_computer,42,outputs/experiments/mock/seed_42/mlp/noise/retrain_attacker/confusion.json,other
12,mock,noise,retrain_attacker,mlp,using_computer,42,outputs/experiments/mock/seed_42/mlp/noise/retrain_attacker/confusion.json,sleep
11,mock,noise,retrain_attacker,mlp,other,42,outputs/experiments/mock/seed_42/mlp/noise/retrain_attacker/confusion.json,away
58,mock,adaptive_ldp,fixed_attacker,lstm,other,123,outputs/experiments/mock/seed_123/lstm/adaptive_ldp/fixed_attacker/confusion.json,cooking
42,mock,adaptive_ldp,fixed_attacker,lstm,cooking,123,outputs/experiments/mock/seed_123/lstm/adaptive_ldp/fixed_attacker/confusion.json,using_computer
40,mock,adaptive_ldp,fixed_attacker,lstm,other,123,outputs/experiments/mock/seed_123/lstm/adaptive_ldp/fixed_attacker/confusion.json,using_computer
38,mock,adaptive_ldp,fixed_attacker,lstm,cooking,123,outputs/experiments/mock/seed_123/lstm/adaptive_ldp/fixed_attacker/confusion.json,away
26,mock,adaptive_ldp,fixed_attacker,lstm,sleep,123,outputs/experiments/mock/seed_123/lstm/adaptive_ldp/fixed_attacker/confusion.json,cooking
21,mock,adaptive_ldp,fixed_attacker,lstm,cooking,123,outputs/experiments/mock/seed_123/lstm/adaptive_ldp/fixed_attacker/confusion.json,sleep
20,mock,adaptive_ldp,fixed_attacker,lstm,other,123,outputs/experiments/mock/seed_123/lstm/adaptive_ldp/fixed_attacker/confusion.json,sleep
19,mock,adaptive_ldp,fixed_attacker,lstm,other,123,outputs/experiments/mock/seed_123/lstm/adaptive_ldp/fixed_attacker/confusion.json,away
18,mock,adaptive_ldp,fixed_attacker,lstm,cooking,123,outputs/experiments/mock/seed_123/lstm/adaptive_ldp/fixed_attacker/confusion.json,other
18,mock,adaptive_ldp,fixed_attacker,lstm,sleep,123,outputs/experiments/mock/seed_123/lstm/adaptive_ldp/fixed_attacker/confusion.json,using_computer
101,mock,adaptive_ldp,retrain_attacker,lstm,away,123,outputs/experiments/mock/seed_123/lstm/adaptive_ldp/retrain_attacker/confusion.json,cooking
42,mock,adaptive_ldp,retrain_attacker,lstm,other,123,outputs/experiments/mock/seed_123/lstm/adaptive_ldp/retrain_attacker/confusion.json,cooking
36,mock,adaptive_ldp,retrain_attacker,lstm,using_computer,123,outputs/experiments/mock/seed_123/lstm/adaptive_ldp/retrain_attacker/confusion.json,cooking
36,mock,adaptive_ldp,retrain_attacker,lstm,sleep,123,outputs/experiments/mock/seed_123/lstm/adaptive_ldp/retrain_attacker/confusion.json,cooking
20,mock,adaptive_ldp,retrain_attacker,lstm,sleep,123,outputs/experiments/mock/seed_123/lstm/adaptive_ldp/retrain_attacker/confusion.json,other
18,mock,adaptive_ldp,retrain_attacker,lstm,away,123,outputs/experiments/mock/seed_123/lstm/adaptive_ldp/retrain_attacker/confusion.json,sleep
14,mock,adaptive_ldp,retrain_attacker,lstm,away,123,outputs/experiments/mock/seed_123/lstm/adaptive_ldp/retrain_attacker/confusion.json,other
13,mock,adaptive_ldp,retrain_attacker,lstm,using_computer,123,outputs/experiments/mock/seed_123/lstm/adaptive_ldp/retrain_attacker/confusion.json,other
13,mock,adaptive_ldp,retrain_attacker,lstm,other,123,outputs/experiments/mock/seed_123/lstm/adaptive_ldp/retrain_attacker/confusion.json,using_computer
10,mock,adaptive_ldp,retrain_attacker,lstm,sleep,123,outputs/experiments/mock/seed_123/lstm/adaptive_ldp/retrain_attacker/confusion.json,away
88,mock,ldp,fixed_attacker,lstm,other,123,outputs/experiments/mock/seed_123/lstm/ldp/fixed_attacker/confusion.json,using_computer
71,mock,ldp,fixed_attacker,lstm,other,123,outputs/experiments/mock/seed_123/lstm/ldp/fixed_attacker/confusion.json,cooking
62,mock,ldp,fixed_attacker,lstm,cooking,123,outputs/experiments/mock/seed_123/lstm/ldp/fixed_attacker/confusion.json,using_computer
37,mock,ldp,fixed_attacker,lstm,cooking,123,outputs/experiments/mock/seed_123/lstm/ldp/fixed_attacker/confusion.json,away
24,mock,ldp,fixed_attacker,lstm,cooking,123,outputs/experiments/mock/seed_123/lstm/ldp/fixed_attacker/confusion.json,other
24,mock,ldp,fixed_attacker,lstm,other,123,outputs/experiments/mock/seed_123/lstm/ldp/fixed_attacker/confusion.json,sleep
22,mock,ldp,fixed_attacker,lstm,cooking,123,outputs/experiments/mock/seed_123/lstm/ldp/fixed_attacker/confusion.json,sleep
18,mock,ldp,fixed_attacker,lstm,sleep,123,outputs/experiments/mock/seed_123/lstm/ldp/fixed_attacker/confusion.json,using_computer
18,mock,ldp,fixed_attacker,lstm,other,123,outputs/experiments/mock/seed_123/lstm/ldp/fixed_attacker/confusion.json,away
14,mock,ldp,fixed_attacker,lstm,sleep,123,outputs/experiments/mock/seed_123/lstm/ldp/fixed_attacker/confusion.json,cooking
84,mock,ldp,retrain_attacker,lstm,using_computer,123,outputs/experiments/mock/seed_123/lstm/ldp/retrain_attacker/confusion.json,cooking
63,mock,ldp,retrain_attacker,lstm,away,123,outputs/experiments/mock/seed_123/lstm/ldp/retrain_attacker/confusion.json,cooking
30,mock,ldp,retrain_attacker,lstm,away,123,outputs/experiments/mock/seed_123/lstm/ldp/retrain_attacker/confusion.json,using_computer
27,mock,ldp,retrain_attacker,lstm,cooking,123,outputs/experiments/mock/seed_123/lstm/ldp/retrain_attacker/confusion.json,using_computer
22,mock,ldp,retrain_attacker,lstm,away,123,outputs/experiments/mock/seed_123/lstm/ldp/retrain_attacker/confusion.json,other
20,mock,ldp,retrain_attacker,lstm,cooking,123,outputs/experiments/mock/seed_123/lstm/ldp/retrain_attacker/confusion.json,away
19,mock,ldp,retrain_attacker,lstm,using_computer,123,outputs/experiments/mock/seed_123/lstm/ldp/retrain_attacker/confusion.json,other
19,mock,ldp,retrain_attacker,lstm,cooking,123,outputs/experiments/mock/seed_123/lstm/ldp/retrain_attacker/confusion.json,other
16,mock,ldp,retrain_attacker,lstm,using_computer,123,outputs/experiments/mock/seed_123/lstm/ldp/retrain_attacker/confusion.json,away
16,mock,ldp,retrain_attacker,lstm,using_computer,123,outputs/experiments/mock/seed_123/lstm/ldp/retrain_attacker/confusion.json,sleep
96,mock,noise,fixed_attacker,lstm,other,123,outputs/experiments/mock/seed_123/lstm/noise/fixed_attacker/confusion.json,using_computer
53,mock,noise,fixed_attacker,lstm,other,123,outputs/experiments/mock/seed_123/lstm/noise/fixed_attacker/confusion.json,cooking
42,mock,noise,fixed_attacker,lstm,cooking,123,outputs/experiments/mock/seed_123/lstm/noise/fixed_attacker/confusion.json,using_computer
37,mock,noise,fixed_attacker,lstm,cooking,123,outputs/experiments/mock/seed_123/lstm/noise/fixed_attacker/confusion.json,away
24,mock,noise,fixed_attacker,lstm,sleep,123,outputs/experiments/mock/seed_123/lstm/noise/fixed_attacker/confusion.json,using_computer
24,mock,noise,fixed_attacker,lstm,sleep,123,outputs/experiments/mock/seed_123/lstm/noise/fixed_attacker/confusion.json,cooking
21,mock,noise,fixed_attacker,lstm,other,123,outputs/experiments/mock/seed_123/lstm/noise/fixed_attacker/confusion.json,sleep
15,mock,noise,fixed_attacker,lstm,cooking,123,outputs/experiments/mock/seed_123/lstm/noise/fixed_attacker/confusion.json,other
14,mock,noise,fixed_attacker,lstm,other,123,outputs/experiments/mock/seed_123/lstm/noise/fixed_attacker/confusion.json,away
14,mock,noise,fixed_attacker,lstm,cooking,123,outputs/experiments/mock/seed_123/lstm/noise/fixed_attacker/confusion.json,sleep
131,mock,noise,retrain_attacker,lstm,away,123,outputs/experiments/mock/seed_123/lstm/noise/retrain_attacker/confusion.json,cooking
36,mock,noise,retrain_attacker,lstm,using_computer,123,outputs/experiments/mock/seed_123/lstm/noise/retrain_attacker/confusion.json,cooking
29,mock,noise,retrain_attacker,lstm,away,123,outputs/experiments/mock/seed_123/lstm/noise/retrain_attacker/confusion.json,other
26,mock,noise,retrain_attacker,lstm,away,123,outputs/experiments/mock/seed_123/lstm/noise/retrain_attacker/confusion.json,using_computer
25,mock,noise,retrain_attacker,lstm,away,123,outputs/experiments/mock/seed_123/lstm/noise/retrain_attacker/confusion.json,sleep
21,mock,noise,retrain_attacker,lstm,other,123,outputs/experiments/mock/seed_123/lstm/noise/retrain_attacker/confusion.json,using_computer
21,mock,noise,retrain_attacker,lstm,other,123,outputs/experiments/mock/seed_123/lstm/noise/retrain_attacker/confusion.json,cooking
12,mock,noise,retrain_attacker,lstm,using_computer,123,outputs/experiments/mock/seed_123/lstm/noise/retrain_attacker/confusion.json,other
11,mock,noise,retrain_attacker,lstm,cooking,123,outputs/experiments/mock/seed_123/lstm/noise/retrain_attacker/confusion.json,using_computer
11,mock,noise,retrain_attacker,lstm,cooking,123,outputs/experiments/mock/seed_123/lstm/noise/retrain_attacker/confusion.json,away
252,mock,adaptive_ldp,fixed_attacker,mlp,other,123,outputs/experiments/mock/seed_123/mlp/adaptive_ldp/fixed_attacker/confusion.json,cooking
173,mock,adaptive_ldp,fixed_attacker,mlp,other,123,outputs/experiments/mock/seed_123/mlp/adaptive_ldp/fixed_attacker/confusion.json,using_computer
61,mock,adaptive_ldp,fixed_attacker,mlp,other,123,outputs/experiments/mock/seed_123/mlp/adaptive_ldp/fixed_attacker/confusion.json,away
49,mock,adaptive_ldp,fixed_attacker,mlp,other,123,outputs/experiments/mock/seed_123/mlp/adaptive_ldp/fixed_attacker/confusion.json,sleep
117,mock,adaptive_ldp,retrain_attacker,mlp,away,123,outputs/experiments/mock/seed_123/mlp/adaptive_ldp/retrain_attacker/confusion.json,cooking
49,mock,adaptive_ldp,retrain_attacker,mlp,other,123,outputs/experiments/mock/seed_123/mlp/adaptive_ldp/retrain_attacker/confusion.json,cooking
37,mock,adaptive_ldp,retrain_attacker,mlp,using_computer,123,outputs/experiments/mock/seed_123/mlp/adaptive_ldp/retrain_attacker/confusion.json,cooking
25,mock,adaptive_ldp,retrain_attacker,mlp,away,123,outputs/experiments/mock/seed_123/mlp/adaptive_ldp/retrain_attacker/confusion.json,sleep
24,mock,adaptive_ldp,retrain_attacker,mlp,sleep,123,outputs/experiments/mock/seed_123/mlp/adaptive_ldp/retrain_attacker/confusion.json,cooking
20,mock,adaptive_ldp,retrain_attacker,mlp,away,123,outputs/experiments/mock/seed_123/mlp/adaptive_ldp/retrain_attacker/confusion.json,other
16,mock,adaptive_ldp,retrain_attacker,mlp,sleep,123,outputs/experiments/mock/seed_123/mlp/adaptive_ldp/retrain_attacker/confusion.json,other
13,mock,adaptive_ldp,retrain_attacker,mlp,other,123,outputs/experiments/mock/seed_123/mlp/adaptive_ldp/retrain_attacker/confusion.json,using_computer
11,mock,adaptive_ldp,retrain_attacker,mlp,using_computer,123,outputs/experiments/mock/seed_123/mlp/adaptive_ldp/retrain_attacker/confusion.json,other
9,mock,adaptive_ldp,retrain_attacker,mlp,other,123,outputs/experiments/mock/seed_123/mlp/adaptive_ldp/retrain_attacker/confusion.json,sleep
252,mock,ldp,fixed_attacker,mlp,other,123,outputs/experiments/mock/seed_123/mlp/ldp/fixed_attacker/confusion.json,cooking
173,mock,ldp,fixed_attacker,mlp,other,123,outputs/experiments/mock/seed_123/mlp/ldp/fixed_attacker/confusion.json,using_computer
61,mock,ldp,fixed_attacker,mlp,other,123,outputs/experiments/mock/seed_123/mlp/ldp/fixed_attacker/confusion.json,away
49,mock,ldp,fixed_attacker,mlp,other,123,outputs/experiments/mock/seed_123/mlp/ldp/fixed_attacker/confusion.json,sleep
148,mock,ldp,retrain_attacker,mlp,away,123,outputs/experiments/mock/seed_123/mlp/ldp/retrain_attacker/confusion.json,cooking
71,mock,ldp,retrain_attacker,mlp,using_computer,123,outputs/experiments/mock/seed_123/mlp/ldp/retrain_attacker/confusion.json,cooking
67,mock,ldp,retrain_attacker,mlp,away,123,outputs/experiments/mock/seed_123/mlp/ldp/retrain_attacker/confusion.json,using_computer
38,mock,ldp,retrain_attacker,mlp,away,123,outputs/experiments/mock/seed_123/mlp/ldp/retrain_attacker/confusion.json,other
28,mock,ldp,retrain_attacker,mlp,other,123,outputs/experiments/mock/seed_123/mlp/ldp/retrain_attacker/confusion.json,cooking
26,mock,ldp,retrain_attacker,mlp,other,123,outputs/experiments/mock/seed_123/mlp/ldp/retrain_attacker/confusion.json,using_computer
23,mock,ldp,retrain_attacker,mlp,away,123,outputs/experiments/mock/seed_123/mlp/ldp/retrain_attacker/confusion.json,sleep
19,mock,ldp,retrain_attacker,mlp,using_computer,123,outputs/experiments/mock/seed_123/mlp/ldp/retrain_attacker/confusion.json,other
16,mock,ldp,retrain_attacker,mlp,using_computer,123,outputs/experiments/mock/seed_123/mlp/ldp/retrain_attacker/confusion.json,sleep
12,mock,ldp,retrain_attacker,mlp,using_computer,123,outputs/experiments/mock/seed_123/mlp/ldp/retrain_attacker/confusion.json,away
164,mock,noise,fixed_attacker,mlp,other,123,outputs/experiments/mock/seed_123/mlp/noise/fixed_attacker/confusion.json,cooking
92,mock,noise,fixed_attacker,mlp,other,123,outputs/experiments/mock/seed_123/mlp/noise/fixed_attacker/confusion.json,using_computer
85,mock,noise,fixed_attacker,mlp,using_computer,123,outputs/experiments/mock/seed_123/mlp/noise/fixed_attacker/confusion.json,cooking
43,mock,noise,fixed_attacker,mlp,other,123,outputs/experiments/mock/seed_123/mlp/noise/fixed_attacker/confusion.json,away
32,mock,noise,fixed_attacker,mlp,other,123,outputs/experiments/mock/seed_123/mlp/noise/fixed_attacker/confusion.json,sleep
23,mock,noise,fixed_attacker,mlp,using_computer,123,outputs/experiments/mock/seed_123/mlp/noise/fixed_attacker/confusion.json,other
18,mock,noise,fixed_attacker,mlp,using_computer,123,outputs/experiments/mock/seed_123/mlp/noise/fixed_attacker/confusion.json,away
16,mock,noise,fixed_attacker,mlp,using_computer,123,outputs/experiments/mock/seed_123/mlp/noise/fixed_attacker/confusion.json,sleep
3,mock,noise,fixed_attacker,mlp,sleep,123,outputs/experiments/mock/seed_123/mlp/noise/fixed_attacker/confusion.json,cooking
1,mock,noise,fixed_attacker,mlp,sleep,123,outputs/experiments/mock/seed_123/mlp/noise/fixed_attacker/confusion.json,other
152,mock,noise,retrain_attacker,mlp,away,123,outputs/experiments/mock/seed_123/mlp/noise/retrain_attacker/confusion.json,cooking
66,mock,noise,retrain_attacker,mlp,using_computer,123,outputs/experiments/mock/seed_123/mlp/noise/retrain_attacker/confusion.json,cooking
36,mock,noise,retrain_attacker,mlp,away,123,outputs/experiments/mock/seed_123/mlp/noise/retrain_attacker/confusion.json,using_computer
29,mock,noise,retrain_attacker,mlp,away,123,outputs/experiments/mock/seed_123/mlp/noise/retrain_attacker/confusion.json,other
24,mock,noise,retrain_attacker,mlp,away,123,outputs/experiments/mock/seed_123/mlp/noise/retrain_attacker/confusion.json,sleep
23,mock,noise,retrain_attacker,mlp,using_computer,123,outputs/experiments/mock/seed_123/mlp/noise/retrain_attacker/confusion.json,other
21,mock,noise,retrain_attacker,mlp,other,123,outputs/experiments/mock/seed_123/mlp/noise/retrain_attacker/confusion.json,cooking
20,mock,noise,retrain_attacker,mlp,using_computer,123,outputs/experiments/mock/seed_123/mlp/noise/retrain_attacker/confusion.json,sleep
11,mock,noise,retrain_attacker,mlp,using_computer,123,outputs/experiments/mock/seed_123/mlp/noise/retrain_attacker/confusion.json,away
10,mock,noise,retrain_attacker,mlp,other,123,outputs/experiments/mock/seed_123/mlp/noise/retrain_attacker/confusion.json,using_computer
61,mock,adaptive_ldp,fixed_attacker,lstm,other,2026,outputs/experiments/mock/seed_2026/lstm/adaptive_ldp/fixed_attacker/confusion.json,cooking
36,mock,adaptive_ldp,fixed_attacker,lstm,other,2026,outputs/experiments/mock/seed_2026/lstm/adaptive_ldp/fixed_attacker/confusion.json,using_computer
32,mock,adaptive_ldp,fixed_attacker,lstm,cooking,2026,outputs/experiments/mock/seed_2026/lstm/adaptive_ldp/fixed_attacker/confusion.json,using_computer
32,mock,adaptive_ldp,fixed_attacker,lstm,cooking,2026,outputs/experiments/mock/seed_2026/lstm/adaptive_ldp/fixed_attacker/confusion.json,away
23,mock,adaptive_ldp,fixed_attacker,lstm,sleep,2026,outputs/experiments/mock/seed_2026/lstm/adaptive_ldp/fixed_attacker/confusion.json,using_computer
23,mock,adaptive_ldp,fixed_attacker,lstm,other,2026,outputs/experiments/mock/seed_2026/lstm/adaptive_ldp/fixed_attacker/confusion.json,sleep
22,mock,adaptive_ldp,fixed_attacker,lstm,sleep,2026,outputs/experiments/mock/seed_2026/lstm/adaptive_ldp/fixed_attacker/confusion.json,cooking
22,mock,adaptive_ldp,fixed_attacker,lstm,other,2026,outputs/experiments/mock/seed_2026/lstm/adaptive_ldp/fixed_attacker/confusion.json,away
17,mock,adaptive_ldp,fixed_attacker,lstm,cooking,2026,outputs/experiments/mock/seed_2026/lstm/adaptive_ldp/fixed_attacker/confusion.json,sleep
15,mock,adaptive_ldp,fixed_attacker,lstm,cooking,2026,outputs/experiments/mock/seed_2026/lstm/adaptive_ldp/fixed_attacker/confusion.json,other
113,mock,adaptive_ldp,retrain_attacker,lstm,away,2026,outputs/experiments/mock/seed_2026/lstm/adaptive_ldp/retrain_attacker/confusion.json,cooking
59,mock,adaptive_ldp,retrain_attacker,lstm,other,2026,outputs/experiments/mock/seed_2026/lstm/adaptive_ldp/retrain_attacker/confusion.json,cooking
29,mock,adaptive_ldp,retrain_attacker,lstm,using_computer,2026,outputs/experiments/mock/seed_2026/lstm/adaptive_ldp/retrain_attacker/confusion.json,cooking
27,mock,adaptive_ldp,retrain_attacker,lstm,other,2026,outputs/experiments/mock/seed_2026/lstm/adaptive_ldp/retrain_attacker/confusion.json,sleep
25,mock,adaptive_ldp,retrain_attacker,lstm,sleep,2026,outputs/experiments/mock/seed_2026/lstm/adaptive_ldp/retrain_attacker/confusion.json,cooking
17,mock,adaptive_ldp,retrain_attacker,lstm,other,2026,outputs/experiments/mock/seed_2026/lstm/adaptive_ldp/retrain_attacker/confusion.json,using_computer
16,mock,adaptive_ldp,retrain_attacker,lstm,using_computer,2026,outputs/experiments/mock/seed_2026/lstm/adaptive_ldp/retrain_attacker/confusion.json,other
13,mock,adaptive_ldp,retrain_attacker,lstm,away,2026,outputs/experiments/mock/seed_2026/lstm/adaptive_ldp/retrain_attacker/confusion.json,other
13,mock,adaptive_ldp,retrain_attacker,lstm,other,2026,outputs/experiments/mock/seed_2026/lstm/adaptive_ldp/retrain_attacker/confusion.json,away
11,mock,adaptive_ldp,retrain_attacker,lstm,away,2026,outputs/experiments/mock/seed_2026/lstm/adaptive_ldp/retrain_attacker/confusion.json,sleep
76,mock,ldp,fixed_attacker,lstm,other,2026,outputs/experiments/mock/seed_2026/lstm/ldp/fixed_attacker/confusion.json,cooking
73,mock,ldp,fixed_attacker,lstm,cooking,2026,outputs/experiments/mock/seed_2026/lstm/ldp/fixed_attacker/confusion.json,using_computer
69,mock,ldp,fixed_attacker,lstm,other,2026,outputs/experiments/mock/seed_2026/lstm/ldp/fixed_attacker/confusion.json,using_computer
36,mock,ldp,fixed_attacker,lstm,cooking,2026,outputs/experiments/mock/seed_2026/lstm/ldp/fixed_attacker/confusion.json,away
29,mock,ldp,fixed_attacker,lstm,other,2026,outputs/experiments/mock/seed_2026/lstm/ldp/fixed_attacker/confusion.json,sleep
22,mock,ldp,fixed_attacker,lstm,cooking,2026,outputs/experiments/mock/seed_2026/lstm/ldp/fixed_attacker/confusion.json,other
18,mock,ldp,fixed_attacker,lstm,other,2026,outputs/experiments/mock/seed_2026/lstm/ldp/fixed_attacker/confusion.json,away
17,mock,ldp,fixed_attacker,lstm,cooking,2026,outputs/experiments/mock/seed_2026/lstm/ldp/fixed_attacker/confusion.json,sleep
16,mock,ldp,fixed_attacker,lstm,sleep,2026,outputs/experiments/mock/seed_2026/lstm/ldp/fixed_attacker/confusion.json,using_computer
16,mock,ldp,fixed_attacker,lstm,sleep,2026,outputs/experiments/mock/seed_2026/lstm/ldp/fixed_attacker/confusion.json,cooking
50,mock,ldp,retrain_attacker,lstm,away,2026,outputs/experiments/mock/seed_2026/lstm/ldp/retrain_attacker/confusion.json,cooking
49,mock,ldp,retrain_attacker,lstm,other,2026,outputs/experiments/mock/seed_2026/lstm/ldp/retrain_attacker/confusion.json,cooking
40,mock,ldp,retrain_attacker,lstm,sleep,2026,outputs/experiments/mock/seed_2026/lstm/ldp/retrain_attacker/confusion.json,cooking
36,mock,ldp,retrain_attacker,lstm,using_computer,2026,outputs/experiments/mock/seed_2026/lstm/ldp/retrain_attacker/confusion.json,cooking
34,mock,ldp,retrain_attacker,lstm,cooking,2026,outputs/experiments/mock/seed_2026/lstm/ldp/retrain_attacker/confusion.json,using_computer
32,mock,ldp,retrain_attacker,lstm,other,2026,outputs/experiments/mock/seed_2026/lstm/ldp/retrain_attacker/confusion.json,using_computer
28,mock,ldp,retrain_attacker,lstm,away,2026,outputs/experiments/mock/seed_2026/lstm/ldp/retrain_attacker/confusion.json,using_computer
25,mock,ldp,retrain_attacker,lstm,sleep,2026,outputs/experiments/mock/seed_2026/lstm/ldp/retrain_attacker/confusion.json,using_computer
18,mock,ldp,retrain_attacker,lstm,away,2026,outputs/experiments/mock/seed_2026/lstm/ldp/retrain_attacker/confusion.json,other
17,mock,ldp,retrain_attacker,lstm,sleep,2026,outputs/experiments/mock/seed_2026/lstm/ldp/retrain_attacker/confusion.json,other
87,mock,noise,fixed_attacker,lstm,other,2026,outputs/experiments/mock/seed_2026/lstm/noise/fixed_attacker/confusion.json,using_computer
61,mock,noise,fixed_attacker,lstm,other,2026,outputs/experiments/mock/seed_2026/lstm/noise/fixed_attacker/confusion.json,cooking
43,mock,noise,fixed_attacker,lstm,cooking,2026,outputs/experiments/mock/seed_2026/lstm/noise/fixed_attacker/confusion.json,using_computer
32,mock,noise,fixed_attacker,lstm,sleep,2026,outputs/experiments/mock/seed_2026/lstm/noise/fixed_attacker/confusion.json,cooking
32,mock,noise,fixed_attacker,lstm,cooking,2026,outputs/experiments/mock/seed_2026/lstm/noise/fixed_attacker/confusion.json,away
29,mock,noise,fixed_attacker,lstm,sleep,2026,outputs/experiments/mock/seed_2026/lstm/noise/fixed_attacker/confusion.json,using_computer
21,mock,noise,fixed_attacker,lstm,other,2026,outputs/experiments/mock/seed_2026/lstm/noise/fixed_attacker/confusion.json,sleep
17,mock,noise,fixed_attacker,lstm,cooking,2026,outputs/experiments/mock/seed_2026/lstm/noise/fixed_attacker/confusion.json,sleep
15,mock,noise,fixed_attacker,lstm,sleep,2026,outputs/experiments/mock/seed_2026/lstm/noise/fixed_attacker/confusion.json,away
14,mock,noise,fixed_attacker,lstm,cooking,2026,outputs/experiments/mock/seed_2026/lstm/noise/fixed_attacker/confusion.json,other
75,mock,noise,retrain_attacker,lstm,away,2026,outputs/experiments/mock/seed_2026/lstm/noise/retrain_attacker/confusion.json,cooking
45,mock,noise,retrain_attacker,lstm,other,2026,outputs/experiments/mock/seed_2026/lstm/noise/retrain_attacker/confusion.json,using_computer
43,mock,noise,retrain_attacker,lstm,other,2026,outputs/experiments/mock/seed_2026/lstm/noise/retrain_attacker/confusion.json,cooking
31,mock,noise,retrain_attacker,lstm,using_computer,2026,outputs/experiments/mock/seed_2026/lstm/noise/retrain_attacker/confusion.json,cooking
26,mock,noise,retrain_attacker,lstm,cooking,2026,outputs/experiments/mock/seed_2026/lstm/noise/retrain_attacker/confusion.json,using_computer
17,mock,noise,retrain_attacker,lstm,using_computer,2026,outputs/experiments/mock/seed_2026/lstm/noise/retrain_attacker/confusion.json,other
16,mock,noise,retrain_attacker,lstm,other,2026,outputs/experiments/mock/seed_2026/lstm/noise/retrain_attacker/confusion.json,sleep
15,mock,noise,retrain_attacker,lstm,away,2026,outputs/experiments/mock/seed_2026/lstm/noise/retrain_attacker/confusion.json,other
15,mock,noise,retrain_attacker,lstm,other,2026,outputs/experiments/mock/seed_2026/lstm/noise/retrain_attacker/confusion.json,away
14,mock,noise,retrain_attacker,lstm,cooking,2026,outputs/experiments/mock/seed_2026/lstm/noise/retrain_attacker/confusion.json,sleep
249,mock,adaptive_ldp,fixed_attacker,mlp,other,2026,outputs/experiments/mock/seed_2026/mlp/adaptive_ldp/fixed_attacker/confusion.json,cooking
171,mock,adaptive_ldp,fixed_attacker,mlp,other,2026,outputs/experiments/mock/seed_2026/mlp/adaptive_ldp/fixed_attacker/confusion.json,using_computer
63,mock,adaptive_ldp,fixed_attacker,mlp,other,2026,outputs/experiments/mock/seed_2026/mlp/adaptive_ldp/fixed_attacker/confusion.json,away
48,mock,adaptive_ldp,fixed_attacker,mlp,other,2026,outputs/experiments/mock/seed_2026/mlp/adaptive_ldp/fixed_attacker/confusion.json,sleep
157,mock,adaptive_ldp,retrain_attacker,mlp,away,2026,outputs/experiments/mock/seed_2026/mlp/adaptive_ldp/retrain_attacker/confusion.json,cooking
47,mock,adaptive_ldp,retrain_attacker,mlp,other,2026,outputs/experiments/mock/seed_2026/mlp/adaptive_ldp/retrain_attacker/confusion.json,cooking
27,mock,adaptive_ldp,retrain_attacker,mlp,using_computer,2026,outputs/experiments/mock/seed_2026/mlp/adaptive_ldp/retrain_attacker/confusion.json,cooking
22,mock,adaptive_ldp,retrain_attacker,mlp,away,2026,outputs/experiments/mock/seed_2026/mlp/adaptive_ldp/retrain_attacker/confusion.json,other
22,mock,adaptive_ldp,retrain_attacker,mlp,other,2026,outputs/experiments/mock/seed_2026/mlp/adaptive_ldp/retrain_attacker/confusion.json,sleep
20,mock,adaptive_ldp,retrain_attacker,mlp,away,2026,outputs/experiments/mock/seed_2026/mlp/adaptive_ldp/retrain_attacker/confusion.json,sleep
18,mock,adaptive_ldp,retrain_attacker,mlp,sleep,2026,outputs/experiments/mock/seed_2026/mlp/adaptive_ldp/retrain_attacker/confusion.json,cooking
16,mock,adaptive_ldp,retrain_attacker,mlp,using_computer,2026,outputs/experiments/mock/seed_2026/mlp/adaptive_ldp/retrain_attacker/confusion.json,other
15,mock,adaptive_ldp,retrain_attacker,mlp,other,2026,outputs/experiments/mock/seed_2026/mlp/adaptive_ldp/retrain_attacker/confusion.json,using_computer
8,mock,adaptive_ldp,retrain_attacker,mlp,other,2026,outputs/experiments/mock/seed_2026/mlp/adaptive_ldp/retrain_attacker/confusion.json,away
249,mock,ldp,fixed_attacker,mlp,other,2026,outputs/experiments/mock/seed_2026/mlp/ldp/fixed_attacker/confusion.json,cooking
171,mock,ldp,fixed_attacker,mlp,other,2026,outputs/experiments/mock/seed_2026/mlp/ldp/fixed_attacker/confusion.json,using_computer
63,mock,ldp,fixed_attacker,mlp,other,2026,outputs/experiments/mock/seed_2026/mlp/ldp/fixed_attacker/confusion.json,away
48,mock,ldp,fixed_attacker,mlp,other,2026,outputs/experiments/mock/seed_2026/mlp/ldp/fixed_attacker/confusion.json,sleep
121,mock,ldp,retrain_attacker,mlp,away,2026,outputs/experiments/mock/seed_2026/mlp/ldp/retrain_attacker/confusion.json,cooking
73,mock,ldp,retrain_attacker,mlp,using_computer,2026,outputs/experiments/mock/seed_2026/mlp/ldp/retrain_attacker/confusion.json,cooking
62,mock,ldp,retrain_attacker,mlp,away,2026,outputs/experiments/mock/seed_2026/mlp/ldp/retrain_attacker/confusion.json,using_computer
45,mock,ldp,retrain_attacker,mlp,other,2026,outputs/experiments/mock/seed_2026/mlp/ldp/retrain_attacker/confusion.json,cooking
33,mock,ldp,retrain_attacker,mlp,away,2026,outputs/experiments/mock/seed_2026/mlp/ldp/retrain_attacker/confusion.json,other
27,mock,ldp,retrain_attacker,mlp,other,2026,outputs/experiments/mock/seed_2026/mlp/ldp/retrain_attacker/confusion.json,using_computer
23,mock,ldp,retrain_attacker,mlp,using_computer,2026,outputs/experiments/mock/seed_2026/mlp/ldp/retrain_attacker/confusion.json,other
23,mock,ldp,retrain_attacker,mlp,away,2026,outputs/experiments/mock/seed_2026/mlp/ldp/retrain_attacker/confusion.json,sleep
18,mock,ldp,retrain_attacker,mlp,using_computer,2026,outputs/experiments/mock/seed_2026/mlp/ldp/retrain_attacker/confusion.json,sleep
16,mock,ldp,retrain_attacker,mlp,using_computer,2026,outputs/experiments/mock/seed_2026/mlp/ldp/retrain_attacker/confusion.json,away
169,mock,noise,fixed_attacker,mlp,other,2026,outputs/experiments/mock/seed_2026/mlp/noise/fixed_attacker/confusion.json,cooking
90,mock,noise,fixed_attacker,mlp,other,2026,outputs/experiments/mock/seed_2026/mlp/noise/fixed_attacker/confusion.json,using_computer
80,mock,noise,fixed_attacker,mlp,using_computer,2026,outputs/experiments/mock/seed_2026/mlp/noise/fixed_attacker/confusion.json,cooking
49,mock,noise,fixed_attacker,mlp,other,2026,outputs/experiments/mock/seed_2026/mlp/noise/fixed_attacker/confusion.json,away
29,mock,noise,fixed_attacker,mlp,other,2026,outputs/experiments/mock/seed_2026/mlp/noise/fixed_attacker/confusion.json,sleep
26,mock,noise,fixed_attacker,mlp,using_computer,2026,outputs/experiments/mock/seed_2026/mlp/noise/fixed_attacker/confusion.json,other
19,mock,noise,fixed_attacker,mlp,using_computer,2026,outputs/experiments/mock/seed_2026/mlp/noise/fixed_attacker/confusion.json,sleep
13,mock,noise,fixed_attacker,mlp,using_computer,2026,outputs/experiments/mock/seed_2026/mlp/noise/fixed_attacker/confusion.json,away
1,mock,noise,fixed_attacker,mlp,sleep,2026,outputs/experiments/mock/seed_2026/mlp/noise/fixed_attacker/confusion.json,away
119,mock,noise,retrain_attacker,mlp,away,2026,outputs/experiments/mock/seed_2026/mlp/noise/retrain_attacker/confusion.json,cooking
45,mock,noise,retrain_attacker,mlp,using_computer,2026,outputs/experiments/mock/seed_2026/mlp/noise/retrain_attacker/confusion.json,cooking
41,mock,noise,retrain_attacker,mlp,other,2026,outputs/experiments/mock/seed_2026/mlp/noise/retrain_attacker/confusion.json,using_computer
39,mock,noise,retrain_attacker,mlp,other,2026,outputs/experiments/mock/seed_2026/mlp/noise/retrain_attacker/confusion.json,cooking
25,mock,noise,retrain_attacker,mlp,away,2026,outputs/experiments/mock/seed_2026/mlp/noise/retrain_attacker/confusion.json,using_computer
24,mock,noise,retrain_attacker,mlp,using_computer,2026,outputs/experiments/mock/seed_2026/mlp/noise/retrain_attacker/confusion.json,other
23,mock,noise,retrain_attacker,mlp,away,2026,outputs/experiments/mock/seed_2026/mlp/noise/retrain_attacker/confusion.json,other
16,mock,noise,retrain_attacker,mlp,away,2026,outputs/experiments/mock/seed_2026/mlp/noise/retrain_attacker/confusion.json,sleep
14,mock,noise,retrain_attacker,mlp,using_computer,2026,outputs/experiments/mock/seed_2026/mlp/noise/retrain_attacker/confusion.json,sleep
12,mock,noise,retrain_attacker,mlp,cooking,2026,outputs/experiments/mock/seed_2026/mlp/noise/retrain_attacker/confusion.json,using_computer
