accuracy_drop,baseline_acc,dataset,defended_acc,defended_f1_macro,mae,method,mode,model_type,mse,parameter_name,parameter_value,pearson_r,seed,source_file
0.6518493383101459,0.836443841194435,uci_har,0.1845945028842891,0.064267002284076,5.1190681132842775,ldp,fixed_attacker,lstm,100.15289709299084,epsilon,0.1,0.0234292579763061,42,D:\毕业设计毕业设计毕业设计毕业设计\Projects\iot_privacy_attack\outputs\defense\real_public_benchmark\uci_har\seed_42\ldp\comparisons\lstm_fixed_attacker_comparison_results.csv
0.6542246352222599,0.836443841194435,uci_har,0.182219205972175,0.0514072372199885,1.110000446015725,ldp,fixed_attacker,lstm,4.072931831182229,epsilon,0.5,0.1261889591494449,42,D:\毕业设计毕业设计毕业设计毕业设计\Projects\iot_privacy_attack\outputs\defense\real_public_benchmark\uci_har\seed_42\ldp\comparisons\lstm_fixed_attacker_comparison_results.csv
0.6542246352222599,0.836443841194435,uci_har,0.182219205972175,0.0514515665421098,0.6019449754957229,ldp,fixed_attacker,lstm,1.0605381086205128,epsilon,1.0,0.2601775961557201,42,D:\毕业设计毕业设计毕业设计毕业设计\Projects\iot_privacy_attack\outputs\defense\real_public_benchmark\uci_har\seed_42\ldp\comparisons\lstm_fixed_attacker_comparison_results.csv
0.6433661350525959,0.836443841194435,uci_har,0.1930777061418391,0.0733554775802632,0.3416891831290887,ldp,fixed_attacker,lstm,0.2980370974524607,epsilon,2.0,0.4919474561337335,42,D:\毕业设计毕业设计毕业设计毕业设计\Projects\iot_privacy_attack\outputs\defense\real_public_benchmark\uci_har\seed_42\ldp\comparisons\lstm_fixed_attacker_comparison_results.csv
0.5188327112317611,0.836443841194435,uci_har,0.3176111299626739,0.252286254695109,0.1797795451203989,ldp,fixed_attacker,lstm,0.0766929658066224,epsilon,5.0,0.7956465516589725,42,D:\毕业设计毕业设计毕业设计毕业设计\Projects\iot_privacy_attack\outputs\defense\real_public_benchmark\uci_har\seed_42\ldp\comparisons\lstm_fixed_attacker_comparison_results.csv
0.0889039701391245,0.328469630132338,uci_har,0.2395656599932134,0.1745126150888812,5.1190681132842775,ldp,retrain_attacker,lstm,100.15289709299084,epsilon,0.1,0.0234292579763061,42,D:\毕业设计毕业设计毕业设计毕业设计\Projects\iot_privacy_attack\outputs\defense\real_public_benchmark\uci_har\seed_42\ldp\comparisons\lstm_retrain_attacker_comparison_results.csv
-0.0006786562606039,0.3186291143535799,uci_har,0.3193077706141839,0.201678469177545,1.110000446015725,ldp,retrain_attacker,lstm,4.072931831182229,epsilon,0.5,0.1261889591494449,42,D:\毕业设计毕业设计毕业设计毕业设计\Projects\iot_privacy_attack\outputs\defense\real_public_benchmark\uci_har\seed_42\ldp\comparisons\lstm_retrain_attacker_comparison_results.csv
0.0162877502544961,0.3905666779776043,uci_har,0.3742789277231082,0.2827041048279435,0.6019449754957229,ldp,retrain_attacker,lstm,1.0605381086205128,epsilon,1.0,0.2601775961557201,42,D:\毕业设计毕业设计毕业设计毕业设计\Projects\iot_privacy_attack\outputs\defense\real_public_benchmark\uci_har\seed_42\ldp\comparisons\lstm_retrain_attacker_comparison_results.csv
-0.0749915167967424,0.4445198506956226,uci_har,0.5195113674923652,0.4701092503434319,0.3416891831290887,ldp,retrain_attacker,lstm,0.2980370974524607,epsilon,2.0,0.4919474561337335,42,D:\毕业设计毕业设计毕业设计毕业设计\Projects\iot_privacy_attack\outputs\defense\real_public_benchmark\uci_har\seed_42\ldp\comparisons\lstm_retrain_attacker_comparison_results.csv
-0.1133355955208687,0.4842212419409569,uci_har,0.5975568374618256,0.5378686217849225,0.1797795451203989,ldp,retrain_attacker,lstm,0.0766929658066224,epsilon,5.0,0.7956465516589725,42,D:\毕业设计毕业设计毕业设计毕业设计\Projects\iot_privacy_attack\outputs\defense\real_public_benchmark\uci_har\seed_42\ldp\comparisons\lstm_retrain_attacker_comparison_results.csv
0.6308109942314217,0.7974211062097047,uci_har,0.166610111978283,0.0476051968198565,5.1190681132842775,ldp,fixed_attacker,mlp,100.15289709299084,epsilon,0.1,0.0234292579763061,42,D:\毕业设计毕业设计毕业设计毕业设计\Projects\iot_privacy_attack\outputs\defense\real_public_benchmark\uci_har\seed_42\ldp\comparisons\mlp_fixed_attacker_comparison_results.csv
0.6308109942314217,0.7974211062097047,uci_har,0.166610111978283,0.0476051968198565,1.110000446015725,ldp,fixed_attacker,mlp,4.072931831182229,epsilon,0.5,0.1261889591494449,42,D:\毕业设计毕业设计毕业设计毕业设计\Projects\iot_privacy_attack\outputs\defense\real_public_benchmark\uci_har\seed_42\ldp\comparisons\mlp_fixed_attacker_comparison_results.csv
0.6301323379708177,0.7974211062097047,uci_har,0.167288768238887,0.0517150403453351,0.6019449754957229,ldp,fixed_attacker,mlp,1.0605381086205128,epsilon,1.0,0.2601775961557201,42,D:\毕业设计毕业设计毕业设计毕业设计\Projects\iot_privacy_attack\outputs\defense\real_public_benchmark\uci_har\seed_42\ldp\comparisons\mlp_fixed_attacker_comparison_results.csv
0.5503902273498473,0.7974211062097047,uci_har,0.2470308788598574,0.1750070235311538,0.3416891831290887,ldp,fixed_attacker,mlp,0.2980370974524607,epsilon,2.0,0.4919474561337335,42,D:\毕业设计毕业设计毕业设计毕业设计\Projects\iot_privacy_attack\outputs\defense\real_public_benchmark\uci_har\seed_42\ldp\comparisons\mlp_fixed_attacker_comparison_results.csv
0.4848998982015609,0.7974211062097047,uci_har,0.3125212080081438,0.2327503070149721,0.1797795451203989,ldp,fixed_attacker,mlp,0.0766929658066224,epsilon,5.0,0.7956465516589725,42,D:\毕业设计毕业设计毕业设计毕业设计\Projects\iot_privacy_attack\outputs\defense\real_public_benchmark\uci_har\seed_42\ldp\comparisons\mlp_fixed_attacker_comparison_results.csv
-0.0397013912453342,0.1425178147268408,uci_har,0.182219205972175,0.051377726750861,5.1190681132842775,ldp,retrain_attacker,mlp,100.15289709299084,epsilon,0.1,0.0234292579763061,42,D:\毕业设计毕业设计毕业设计毕业设计\Projects\iot_privacy_attack\outputs\defense\real_public_benchmark\uci_har\seed_42\ldp\comparisons\mlp_retrain_attacker_comparison_results.csv
-0.0237529691211401,0.1584662368510349,uci_har,0.182219205972175,0.051377726750861,1.110000446015725,ldp,retrain_attacker,mlp,4.072931831182229,epsilon,0.5,0.1261889591494449,42,D:\毕业设计毕业设计毕业设计毕业设计\Projects\iot_privacy_attack\outputs\defense\real_public_benchmark\uci_har\seed_42\ldp\comparisons\mlp_retrain_attacker_comparison_results.csv
-0.2636579572446555,0.3233797081778079,uci_har,0.5870376654224635,0.5685572213231781,0.6019449754957229,ldp,retrain_attacker,mlp,1.0605381086205128,epsilon,1.0,0.2601775961557201,42,D:\毕业设计毕业设计毕业设计毕业设计\Projects\iot_privacy_attack\outputs\defense\real_public_benchmark\uci_har\seed_42\ldp\comparisons\mlp_retrain_attacker_comparison_results.csv
-0.4129623345775365,0.2945368171021377,uci_har,0.7074991516796743,0.6950510492963251,0.3416891831290887,ldp,retrain_attacker,mlp,0.2980370974524607,epsilon,2.0,0.4919474561337335,42,D:\毕业设计毕业设计毕业设计毕业设计\Projects\iot_privacy_attack\outputs\defense\real_public_benchmark\uci_har\seed_42\ldp\comparisons\mlp_retrain_attacker_comparison_results.csv
-0.4380726162198846,0.3481506616898541,uci_har,0.7862232779097387,0.7781152227183191,0.1797795451203989,ldp,retrain_attacker,mlp,0.0766929658066224,epsilon,5.0,0.7956465516589725,42,D:\毕业设计毕业设计毕业设计毕业设计\Projects\iot_privacy_attack\outputs\defense\real_public_benchmark\uci_har\seed_42\ldp\comparisons\mlp_retrain_attacker_comparison_results.csv
0.5011876484560569,0.668815744825246,uci_har,0.167628096369189,0.0935289209960066,5.116926924342941,ldp,fixed_attacker,lstm,100.05578153512702,epsilon,0.1,0.0240996415082179,123,D:\毕业设计毕业设计毕业设计毕业设计\Projects\iot_privacy_attack\outputs\defense\real_public_benchmark\uci_har\seed_123\ldp\comparisons\lstm_fixed_attacker_comparison_results.csv
0.5059382422802849,0.668815744825246,uci_har,0.1628775025449609,0.098486455114527,1.109550874994911,ldp,fixed_attacker,lstm,4.069050822083945,epsilon,0.5,0.126880740376641,123,D:\毕业设计毕业设计毕业设计毕业设计\Projects\iot_privacy_attack\outputs\defense\real_public_benchmark\uci_har\seed_123\ldp\comparisons\lstm_fixed_attacker_comparison_results.csv
0.4879538513742789,0.668815744825246,uci_har,0.1808618934509671,0.124000644738244,0.6017431239198214,ldp,fixed_attacker,lstm,1.0596049569989907,epsilon,1.0,0.2607824715201451,123,D:\毕业设计毕业设计毕业设计毕业设计\Projects\iot_privacy_attack\outputs\defense\real_public_benchmark\uci_har\seed_123\ldp\comparisons\lstm_fixed_attacker_comparison_results.csv
0.33559552086868,0.668815744825246,uci_har,0.333220223956566,0.3101344742859629,0.3416347418869942,ldp,fixed_attacker,lstm,0.2978591744828931,epsilon,2.0,0.492267846579095,123,D:\毕业设计毕业设计毕业设计毕业设计\Projects\iot_privacy_attack\outputs\defense\real_public_benchmark\uci_har\seed_123\ldp\comparisons\lstm_fixed_attacker_comparison_results.csv
0.1886664404479131,0.668815744825246,uci_har,0.4801493043773329,0.413911335285373,0.1797761746523952,ldp,fixed_attacker,lstm,0.0766788353329012,epsilon,5.0,0.7956866681203327,123,D:\毕业设计毕业设计毕业设计毕业设计\Projects\iot_privacy_attack\outputs\defense\real_public_benchmark\uci_har\seed_123\ldp\comparisons\lstm_fixed_attacker_comparison_results.csv
0.1523583305055989,0.3959959280624364,uci_har,0.2436375975568374,0.2053414490992615,5.116926924342941,ldp,retrain_attacker,lstm,100.05578153512702,epsilon,0.1,0.0240996415082179,123,D:\毕业设计毕业设计毕业设计毕业设计\Projects\iot_privacy_attack\outputs\defense\real_public_benchmark\uci_har\seed_123\ldp\comparisons\lstm_retrain_attacker_comparison_results.csv
-0.009501187648456,0.3481506616898541,uci_har,0.3576518493383101,0.2444121426217786,1.109550874994911,ldp,retrain_attacker,lstm,4.069050822083945,epsilon,0.5,0.126880740376641,123,D:\毕业设计毕业设计毕业设计毕业设计\Projects\iot_privacy_attack\outputs\defense\real_public_benchmark\uci_har\seed_123\ldp\comparisons\lstm_retrain_attacker_comparison_results.csv
-0.004411265693926,0.344418052256532,uci_har,0.3488293179504581,0.2450648761073209,0.6017431239198214,ldp,retrain_attacker,lstm,1.0596049569989907,epsilon,1.0,0.2607824715201451,123,D:\毕业设计毕业设计毕业设计毕业设计\Projects\iot_privacy_attack\outputs\defense\real_public_benchmark\uci_har\seed_123\ldp\comparisons\lstm_retrain_attacker_comparison_results.csv
-0.0213776722090261,0.4601289446895147,uci_har,0.4815066168985409,0.4093112681944268,0.3416347418869942,ldp,retrain_attacker,lstm,0.2978591744828931,epsilon,2.0,0.492267846579095,123,D:\毕业设计毕业设计毕业设计毕业设计\Projects\iot_privacy_attack\outputs\defense\real_public_benchmark\uci_har\seed_123\ldp\comparisons\lstm_retrain_attacker_comparison_results.csv
-0.1258907363420427,0.4394299287410926,uci_har,0.5653206650831354,0.4628090883332105,0.1797761746523952,ldp,retrain_attacker,lstm,0.0766788353329012,epsilon,5.0,0.7956866681203327,123,D:\毕业设计毕业设计毕业设计毕业设计\Projects\iot_privacy_attack\outputs\defense\real_public_benchmark\uci_har\seed_123\ldp\comparisons\lstm_retrain_attacker_comparison_results.csv
0.6491347132677299,0.8157448252460129,uci_har,0.166610111978283,0.0476051968198565,5.116926924342941,ldp,fixed_attacker,mlp,100.05578153512702,epsilon,0.1,0.0240996415082179,123,D:\毕业设计毕业设计毕业设计毕业设计\Projects\iot_privacy_attack\outputs\defense\real_public_benchmark\uci_har\seed_123\ldp\comparisons\mlp_fixed_attacker_comparison_results.csv
0.6491347132677299,0.8157448252460129,uci_har,0.166610111978283,0.0476051968198565,1.109550874994911,ldp,fixed_attacker,mlp,4.069050822083945,epsilon,0.5,0.126880740376641,123,D:\毕业设计毕业设计毕业设计毕业设计\Projects\iot_privacy_attack\outputs\defense\real_public_benchmark\uci_har\seed_123\ldp\comparisons\mlp_fixed_attacker_comparison_results.csv
0.6491347132677299,0.8157448252460129,uci_har,0.166610111978283,0.0476329064804035,0.6017431239198214,ldp,fixed_attacker,mlp,1.0596049569989907,epsilon,1.0,0.2607824715201451,123,D:\毕业设计毕业设计毕业设计毕业设计\Projects\iot_privacy_attack\outputs\defense\real_public_benchmark\uci_har\seed_123\ldp\comparisons\mlp_fixed_attacker_comparison_results.csv
0.5900916185951816,0.8157448252460129,uci_har,0.2256532066508313,0.1492132561221947,0.3416347418869942,ldp,fixed_attacker,mlp,0.2978591744828931,epsilon,2.0,0.492267846579095,123,D:\毕业设计毕业设计毕业设计毕业设计\Projects\iot_privacy_attack\outputs\defense\real_public_benchmark\uci_har\seed_123\ldp\comparisons\mlp_fixed_attacker_comparison_results.csv
0.4804886325076348,0.8157448252460129,uci_har,0.335256192738378,0.2555795347853418,0.1797761746523952,ldp,fixed_attacker,mlp,0.0766788353329012,epsilon,5.0,0.7956866681203327,123,D:\毕业设计毕业设计毕业设计毕业设计\Projects\iot_privacy_attack\outputs\defense\real_public_benchmark\uci_har\seed_123\ldp\comparisons\mlp_fixed_attacker_comparison_results.csv
0.01187648456057,0.178486596538853,uci_har,0.166610111978283,0.0476051968198565,5.116926924342941,ldp,retrain_attacker,mlp,100.05578153512702,epsilon,0.1,0.0240996415082179,123,D:\毕业设计毕业设计毕业设计毕业设计\Projects\iot_privacy_attack\outputs\defense\real_public_benchmark\uci_har\seed_123\ldp\comparisons\mlp_retrain_attacker_comparison_results.csv
0.0,0.180522565320665,uci_har,0.180522565320665,0.050972501676727,1.109550874994911,ldp,retrain_attacker,mlp,4.069050822083945,epsilon,0.5,0.126880740376641,123,D:\毕业设计毕业设计毕业设计毕业设计\Projects\iot_privacy_attack\outputs\defense\real_public_benchmark\uci_har\seed_123\ldp\comparisons\mlp_retrain_attacker_comparison_results.csv
-0.2483881913810655,0.335256192738378,uci_har,0.5836443841194435,0.5761759148336169,0.6017431239198214,ldp,retrain_attacker,mlp,1.0596049569989907,epsilon,1.0,0.2607824715201451,123,D:\毕业设计毕业设计毕业设计毕业设计\Projects\iot_privacy_attack\outputs\defense\real_public_benchmark\uci_har\seed_123\ldp\comparisons\mlp_retrain_attacker_comparison_results.csv
-0.3949779436715303,0.333559552086868,uci_har,0.7285374957583983,0.7175747318932895,0.3416347418869942,ldp,retrain_attacker,mlp,0.2978591744828931,epsilon,2.0,0.492267846579095,123,D:\毕业设计毕业设计毕业设计毕业设计\Projects\iot_privacy_attack\outputs\defense\real_public_benchmark\uci_har\seed_123\ldp\comparisons\mlp_retrain_attacker_comparison_results.csv
-0.4876145232439769,0.3023413640990838,uci_har,0.7899558873430608,0.7830198709623383,0.1797761746523952,ldp,retrain_attacker,mlp,0.0766788353329012,epsilon,5.0,0.7956866681203327,123,D:\毕业设计毕业设计毕业设计毕业设计\Projects\iot_privacy_attack\outputs\defense\real_public_benchmark\uci_har\seed_123\ldp\comparisons\mlp_retrain_attacker_comparison_results.csv
0.4306073973532405,0.5894129623345775,uci_har,0.1588055649813369,0.0706695164786281,5.11789715343562,ldp,fixed_attacker,lstm,100.10362412853478,epsilon,0.1,0.0237527824274969,2026,D:\毕业设计毕业设计毕业设计毕业设计\Projects\iot_privacy_attack\outputs\defense\real_public_benchmark\uci_har\seed_2026\ldp\comparisons\lstm_fixed_attacker_comparison_results.csv
0.4160162877502544,0.5894129623345775,uci_har,0.173396674584323,0.114538589619699,1.1097184631179762,ldp,fixed_attacker,lstm,4.070907778236351,epsilon,0.5,0.1265828717931438,2026,D:\毕业设计毕业设计毕业设计毕业设计\Projects\iot_privacy_attack\outputs\defense\real_public_benchmark\uci_har\seed_2026\ldp\comparisons\lstm_fixed_attacker_comparison_results.csv
0.3617237869019342,0.5894129623345775,uci_har,0.2276891754326433,0.1629141135881414,0.6018105147267301,ldp,fixed_attacker,lstm,1.060039816778786,epsilon,1.0,0.2605436475570403,2026,D:\毕业设计毕业设计毕业设计毕业设计\Projects\iot_privacy_attack\outputs\defense\real_public_benchmark\uci_har\seed_2026\ldp\comparisons\lstm_fixed_attacker_comparison_results.csv
0.1292840176450627,0.5894129623345775,uci_har,0.4601289446895147,0.3935221730777347,0.3416403437229189,ldp,fixed_attacker,lstm,0.2979389954662075,epsilon,2.0,0.4921698326573805,2026,D:\毕业设计毕业设计毕业设计毕业设计\Projects\iot_privacy_attack\outputs\defense\real_public_benchmark\uci_har\seed_2026\ldp\comparisons\lstm_fixed_attacker_comparison_results.csv
0.0475059382422802,0.5894129623345775,uci_har,0.5419070240922973,0.4470135306307344,0.17977569227294,ldp,fixed_attacker,lstm,0.076696545151818,epsilon,5.0,0.7956295088218572,2026,D:\毕业设计毕业设计毕业设计毕业设计\Projects\iot_privacy_attack\outputs\defense\real_public_benchmark\uci_har\seed_2026\ldp\comparisons\lstm_fixed_attacker_comparison_results.csv
0.0919579233118425,0.3233797081778079,uci_har,0.2314217848659654,0.1316982601507983,5.11789715343562,ldp,retrain_attacker,lstm,100.10362412853478,epsilon,0.1,0.0237527824274969,2026,D:\毕业设计毕业设计毕业设计毕业设计\Projects\iot_privacy_attack\outputs\defense\real_public_benchmark\uci_har\seed_2026\ldp\comparisons\lstm_retrain_attacker_comparison_results.csv
0.0508992195453003,0.3481506616898541,uci_har,0.2972514421445538,0.183503467347673,1.1097184631179762,ldp,retrain_attacker,lstm,4.070907778236351,epsilon,0.5,0.1265828717931438,2026,D:\毕业设计毕业设计毕业设计毕业设计\Projects\iot_privacy_attack\outputs\defense\real_public_benchmark\uci_har\seed_2026\ldp\comparisons\lstm_retrain_attacker_comparison_results.csv
0.0804207668815744,0.4441805225653206,uci_har,0.3637597556837462,0.2635002820370183,0.6018105147267301,ldp,retrain_attacker,lstm,1.060039816778786,epsilon,1.0,0.2605436475570403,2026,D:\毕业设计毕业设计毕业设计毕业设计\Projects\iot_privacy_attack\outputs\defense\real_public_benchmark\uci_har\seed_2026\ldp\comparisons\lstm_retrain_attacker_comparison_results.csv
-0.0529351883271123,0.3430607397353241,uci_har,0.3959959280624364,0.3372515830140331,0.3416403437229189,ldp,retrain_attacker,lstm,0.2979389954662075,epsilon,2.0,0.4921698326573805,2026,D:\毕业设计毕业设计毕业设计毕业设计\Projects\iot_privacy_attack\outputs\defense\real_public_benchmark\uci_har\seed_2026\ldp\comparisons\lstm_retrain_attacker_comparison_results.csv
0.001017984390906,0.500508992195453,uci_har,0.4994910078045469,0.3811408423084138,0.17977569227294,ldp,retrain_attacker,lstm,0.076696545151818,epsilon,5.0,0.7956295088218572,2026,D:\毕业设计毕业设计毕业设计毕业设计\Projects\iot_privacy_attack\outputs\defense\real_public_benchmark\uci_har\seed_2026\ldp\comparisons\lstm_retrain_attacker_comparison_results.csv
0.6386155412283678,0.8052256532066508,uci_har,0.166610111978283,0.0476051968198565,5.11789715343562,ldp,fixed_attacker,mlp,100.10362412853478,epsilon,0.1,0.0237527824274969,2026,D:\毕业设计毕业设计毕业设计毕业设计\Projects\iot_privacy_attack\outputs\defense\real_public_benchmark\uci_har\seed_2026\ldp\comparisons\mlp_fixed_attacker_comparison_results.csv
0.6386155412283678,0.8052256532066508,uci_har,0.166610111978283,0.0476051968198565,1.1097184631179762,ldp,fixed_attacker,mlp,4.070907778236351,epsilon,0.5,0.1265828717931438,2026,D:\毕业设计毕业设计毕业设计毕业设计\Projects\iot_privacy_attack\outputs\defense\real_public_benchmark\uci_har\seed_2026\ldp\comparisons\mlp_fixed_attacker_comparison_results.csv
0.6386155412283678,0.8052256532066508,uci_har,0.166610111978283,0.0476051968198565,0.6018105147267301,ldp,fixed_attacker,mlp,1.060039816778786,epsilon,1.0,0.2605436475570403,2026,D:\毕业设计毕业设计毕业设计毕业设计\Projects\iot_privacy_attack\outputs\defense\real_public_benchmark\uci_har\seed_2026\ldp\comparisons\mlp_fixed_attacker_comparison_results.csv
0.6348829317950458,0.8052256532066508,uci_har,0.170342721411605,0.0544489977614435,0.3416403437229189,ldp,fixed_attacker,mlp,0.2979389954662075,epsilon,2.0,0.4921698326573805,2026,D:\毕业设计毕业设计毕业设计毕业设计\Projects\iot_privacy_attack\outputs\defense\real_public_benchmark\uci_har\seed_2026\ldp\comparisons\mlp_fixed_attacker_comparison_results.csv
0.5188327112317611,0.8052256532066508,uci_har,0.2863929419748897,0.185262141933604,0.17977569227294,ldp,fixed_attacker,mlp,0.076696545151818,epsilon,5.0,0.7956295088218572,2026,D:\毕业设计毕业设计毕业设计毕业设计\Projects\iot_privacy_attack\outputs\defense\real_public_benchmark\uci_har\seed_2026\ldp\comparisons\mlp_fixed_attacker_comparison_results.csv
-0.0302002035968781,0.1520190023752969,uci_har,0.182219205972175,0.051377726750861,5.11789715343562,ldp,retrain_attacker,mlp,100.10362412853478,epsilon,0.1,0.0237527824274969,2026,D:\毕业设计毕业设计毕业设计毕业设计\Projects\iot_privacy_attack\outputs\defense\real_public_benchmark\uci_har\seed_2026\ldp\comparisons\mlp_retrain_attacker_comparison_results.csv
-0.0329148286392941,0.1493043773328809,uci_har,0.182219205972175,0.051377726750861,1.1097184631179762,ldp,retrain_attacker,mlp,4.070907778236351,epsilon,0.5,0.1265828717931438,2026,D:\毕业设计毕业设计毕业设计毕业设计\Projects\iot_privacy_attack\outputs\defense\real_public_benchmark\uci_har\seed_2026\ldp\comparisons\mlp_retrain_attacker_comparison_results.csv
-0.2453342382083475,0.329487614523244,uci_har,0.5748218527315915,0.5695232395669679,0.6018105147267301,ldp,retrain_attacker,mlp,1.060039816778786,epsilon,1.0,0.2605436475570403,2026,D:\毕业设计毕业设计毕业设计毕业设计\Projects\iot_privacy_attack\outputs\defense\real_public_benchmark\uci_har\seed_2026\ldp\comparisons\mlp_retrain_attacker_comparison_results.csv
-0.3912453342382084,0.3145571767899559,uci_har,0.7058025110281643,0.693353608882464,0.3416403437229189,ldp,retrain_attacker,mlp,0.2979389954662075,epsilon,2.0,0.4921698326573805,2026,D:\毕业设计毕业设计毕业设计毕业设计\Projects\iot_privacy_attack\outputs\defense\real_public_benchmark\uci_har\seed_2026\ldp\comparisons\mlp_retrain_attacker_comparison_results.csv
-0.4306073973532406,0.3545978961655921,uci_har,0.7852052935188327,0.7773698343779412,0.17977569227294,ldp,retrain_attacker,mlp,0.076696545151818,epsilon,5.0,0.7956295088218572,2026,D:\毕业设计毕业设计毕业设计毕业设计\Projects\iot_privacy_attack\outputs\defense\real_public_benchmark\uci_har\seed_2026\ldp\comparisons\mlp_retrain_attacker_comparison_results.csv
0.3989637305699482,0.4093264248704663,kasteren,0.0103626943005181,0.013476180850347,5.023279096234686,ldp,fixed_attacker,lstm,99.77044341191224,epsilon,0.1,0.0156159703737283,42,D:\毕业设计毕业设计毕业设计毕业设计\Projects\iot_privacy_attack\outputs\defense\real_public_benchmark\kasteren\seed_42\ldp\comparisons\comparison_results.csv
0.38860103626943,0.4093264248704663,kasteren,0.0207253886010362,0.0084614878209348,1.0260024736617577,ldp,fixed_attacker,lstm,4.015302398546965,epsilon,0.5,0.0888445906950623,42,D:\毕业设计毕业设计毕业设计毕业设计\Projects\iot_privacy_attack\outputs\defense\real_public_benchmark\kasteren\seed_42\ldp\comparisons\comparison_results.csv
0.3678756476683938,0.4093264248704663,kasteren,0.0414507772020725,0.0235494197679071,0.5215905695428109,ldp,fixed_attacker,lstm,1.0163629007672998,epsilon,1.0,0.1949603199210199,42,D:\毕业设计毕业设计毕业设计毕业设计\Projects\iot_privacy_attack\outputs\defense\real_public_benchmark\kasteren\seed_42\ldp\comparisons\comparison_results.csv
0.3316062176165803,0.4093264248704663,kasteren,0.077720207253886,0.0488223130725613,0.2649887287854631,ldp,fixed_attacker,lstm,0.2600323034629805,epsilon,2.0,0.4090979368435606,42,D:\毕业设计毕业设计毕业设计毕业设计\Projects\iot_privacy_attack\outputs\defense\real_public_benchmark\kasteren\seed_42\ldp\comparisons\comparison_results.csv
0.1865284974093264,0.4093264248704663,kasteren,0.2227979274611398,0.1725501006577588,0.1069009282006917,ldp,fixed_attacker,lstm,0.0426298841967487,epsilon,5.0,0.7854737594823707,42,D:\毕业设计毕业设计毕业设计毕业设计\Projects\iot_privacy_attack\outputs\defense\real_public_benchmark\kasteren\seed_42\ldp\comparisons\comparison_results.csv
0.3575129533678756,0.3626943005181347,kasteren,0.005181347150259,0.0004432624113475,5.019170895881189,ldp,fixed_attacker,lstm,99.39097795746508,epsilon,0.1,0.0153341737123101,123,D:\毕业设计毕业设计毕业设计毕业设计\Projects\iot_privacy_attack\outputs\defense\real_public_benchmark\kasteren\seed_123\ldp\comparisons\comparison_results.csv
0.3419689119170984,0.3626943005181347,kasteren,0.0207253886010362,0.0158308004052684,1.0248489152968443,ldp,fixed_attacker,lstm,3.999721637813946,epsilon,0.5,0.0894246190841785,123,D:\毕业设计毕业设计毕业设计毕业设计\Projects\iot_privacy_attack\outputs\defense\real_public_benchmark\kasteren\seed_123\ldp\comparisons\comparison_results.csv
0.3419689119170984,0.3626943005181347,kasteren,0.0207253886010362,0.0226790935672514,0.5207924264973716,ldp,fixed_attacker,lstm,1.0121388318546465,epsilon,1.0,0.1966522490560927,123,D:\毕业设计毕业设计毕业设计毕业设计\Projects\iot_privacy_attack\outputs\defense\real_public_benchmark\kasteren\seed_123\ldp\comparisons\comparison_results.csv
0.3160621761658031,0.3626943005181347,kasteren,0.0466321243523316,0.0334606569900687,0.2645545902845825,ldp,fixed_attacker,lstm,0.2589386820120355,epsilon,2.0,0.4111466238800058,123,D:\毕业设计毕业设计毕业设计毕业设计\Projects\iot_privacy_attack\outputs\defense\real_public_benchmark\kasteren\seed_123\ldp\comparisons\comparison_results.csv
0.2072538860103627,0.3626943005181347,kasteren,0.155440414507772,0.1369955145407634,0.1067373028515194,ldp,fixed_attacker,lstm,0.0424691101651207,epsilon,5.0,0.7864678515804209,123,D:\毕业设计毕业设计毕业设计毕业设计\Projects\iot_privacy_attack\outputs\defense\real_public_benchmark\kasteren\seed_123\ldp\comparisons\comparison_results.csv
0.2797927461139896,0.2901554404145077,kasteren,0.0103626943005181,0.0048773690078037,5.0169612882224826,ldp,fixed_attacker,lstm,99.90142532780456,epsilon,0.1,0.0128960609805655,2026,D:\毕业设计毕业设计毕业设计毕业设计\Projects\iot_privacy_attack\outputs\defense\real_public_benchmark\kasteren\seed_2026\ldp\comparisons\comparison_results.csv
0.2694300518134714,0.2901554404145077,kasteren,0.0207253886010362,0.0186741363211951,1.0247252821706414,ldp,fixed_attacker,lstm,4.020514085575144,epsilon,0.5,0.0861297051446604,2026,D:\毕业设计毕业设计毕业设计毕业设计\Projects\iot_privacy_attack\outputs\defense\real_public_benchmark\kasteren\seed_2026\ldp\comparisons\comparison_results.csv
0.2590673575129533,0.2901554404145077,kasteren,0.0310880829015544,0.0250828995565837,0.5208793572052747,ldp,fixed_attacker,lstm,1.0175500854291812,epsilon,1.0,0.1925987792788926,2026,D:\毕业设计毕业设计毕业设计毕业设计\Projects\iot_privacy_attack\outputs\defense\real_public_benchmark\kasteren\seed_2026\ldp\comparisons\comparison_results.csv
0.233160621761658,0.2901554404145077,kasteren,0.0569948186528497,0.0453395322626091,0.2645714500075812,ldp,fixed_attacker,lstm,0.2602451489873685,epsilon,2.0,0.4075426368090455,2026,D:\毕业设计毕业设计毕业设计毕业设计\Projects\iot_privacy_attack\outputs\defense\real_public_benchmark\kasteren\seed_2026\ldp\comparisons\comparison_results.csv
0.0880829015544041,0.2901554404145077,kasteren,0.2020725388601036,0.1542033506965633,0.106736504961705,ldp,fixed_attacker,lstm,0.0426670487377297,epsilon,5.0,0.7848756316861438,2026,D:\毕业设计毕业设计毕业设计毕业设计\Projects\iot_privacy_attack\outputs\defense\real_public_benchmark\kasteren\seed_2026\ldp\comparisons\comparison_results.csv
0.4499071153929235,0.4722426232341124,casas_hh101,0.0223355078411889,0.011350650296526,5.079383226549143,ldp,fixed_attacker,lstm,100.07819875442291,epsilon,0.1,0.0224057961866673,42,D:\毕业设计毕业设计毕业设计毕业设计\Projects\iot_privacy_attack\outputs\defense\real_public_benchmark\casas_hh101\seed_42\ldp\comparisons\comparison_results.csv
0.4444636453968117,0.4722426232341124,casas_hh101,0.0277789778373007,0.0185637409030988,1.0656069449097385,ldp,fixed_attacker,lstm,4.060161297330352,epsilon,0.5,0.125997908696249,42,D:\毕业设计毕业设计毕业设计毕业设计\Projects\iot_privacy_attack\outputs\defense\real_public_benchmark\casas_hh101\seed_42\ldp\comparisons\comparison_results.csv
0.4374648982589536,0.4722426232341124,casas_hh101,0.0347777249751587,0.0344558543770684,0.5527017422179649,ldp,fixed_attacker,lstm,1.0440614061133688,epsilon,1.0,0.2693621461914066,42,D:\毕业设计毕业设计毕业设计毕业设计\Projects\iot_privacy_attack\outputs\defense\real_public_benchmark\casas_hh101\seed_42\ldp\comparisons\comparison_results.csv
0.4063161532812027,0.4722426232341124,casas_hh101,0.0659264699529096,0.0720647648655494,0.2860411032511693,ldp,fixed_attacker,lstm,0.2747552775956429,epsilon,2.0,0.5264802589089248,42,D:\毕业设计毕业设计毕业设计毕业设计\Projects\iot_privacy_attack\outputs\defense\real_public_benchmark\casas_hh101\seed_42\ldp\comparisons\comparison_results.csv
0.1603231520283406,0.4722426232341124,casas_hh101,0.3119194712057718,0.2076122594766182,0.116557247352451,ldp,fixed_attacker,lstm,0.0463945131705019,epsilon,5.0,0.8645704132313116,42,D:\毕业设计毕业设计毕业设计毕业设计\Projects\iot_privacy_attack\outputs\defense\real_public_benchmark\casas_hh101\seed_42\ldp\comparisons\comparison_results.csv
0.4276580118373871,0.4499071153929235,casas_hh101,0.0222491035555363,0.0094132063100567,5.081210686225128,ldp,fixed_attacker,lstm,100.1213125142664,epsilon,0.1,0.0225302345118214,123,D:\毕业设计毕业设计毕业设计毕业设计\Projects\iot_privacy_attack\outputs\defense\real_public_benchmark\casas_hh101\seed_123\ldp\comparisons\comparison_results.csv
0.4242450425541106,0.4499071153929235,casas_hh101,0.0256620728388128,0.0166204401042494,1.0659871625115116,ldp,fixed_attacker,lstm,4.061904831368175,epsilon,0.5,0.1260802947534338,123,D:\毕业设计毕业设计毕业设计毕业设计\Projects\iot_privacy_attack\outputs\defense\real_public_benchmark\casas_hh101\seed_123\ldp\comparisons\comparison_results.csv
0.41227804899123,0.4499071153929235,casas_hh101,0.0376290664016935,0.0331154398736017,0.5528992152254002,ldp,fixed_attacker,lstm,1.0445092831841984,epsilon,1.0,0.2693923242241451,123,D:\毕业设计毕业设计毕业设计毕业设计\Projects\iot_privacy_attack\outputs\defense\real_public_benchmark\casas_hh101\seed_123\ldp\comparisons\comparison_results.csv
0.3469996111807145,0.4499071153929235,casas_hh101,0.1029075042122089,0.094823664359927,0.2861574968719861,ldp,fixed_attacker,lstm,0.2748947988861434,epsilon,2.0,0.5263858483508963,123,D:\毕业设计毕业设计毕业设计毕业设计\Projects\iot_privacy_attack\outputs\defense\real_public_benchmark\casas_hh101\seed_123\ldp\comparisons\comparison_results.csv
0.1113751242061606,0.4499071153929235,casas_hh101,0.3385319911867628,0.227882271777266,0.1166126509763772,ldp,fixed_attacker,lstm,0.0464278221052074,epsilon,5.0,0.8644750507222618,123,D:\毕业设计毕业设计毕业设计毕业设计\Projects\iot_privacy_attack\outputs\defense\real_public_benchmark\casas_hh101\seed_123\ldp\comparisons\comparison_results.csv
0.4949237482179116,0.5245604181967426,casas_hh101,0.0296366699788309,0.0100072249040315,5.080196667455829,ldp,fixed_attacker,lstm,100.09262055140378,epsilon,0.1,0.0221619816538339,2026,D:\毕业设计毕业设计毕业设计毕业设计\Projects\iot_privacy_attack\outputs\defense\real_public_benchmark\casas_hh101\seed_2026\ldp\comparisons\comparison_results.csv
0.4855920853674342,0.5245604181967426,casas_hh101,0.0389683328293083,0.0198814075206887,1.0657673506956782,ldp,fixed_attacker,lstm,4.06073482146049,epsilon,0.5,0.1257655991283698,2026,D:\毕业设计毕业设计毕业设计毕业设计\Projects\iot_privacy_attack\outputs\defense\real_public_benchmark\casas_hh101\seed_2026\ldp\comparisons\comparison_results.csv
0.4762604225169569,0.5245604181967426,casas_hh101,0.0482999956797857,0.0378904135000295,0.5527789735311809,ldp,fixed_attacker,lstm,1.0441997554501992,epsilon,1.0,0.2691615838531791,2026,D:\毕业设计毕业设计毕业设计毕业设计\Projects\iot_privacy_attack\outputs\defense\real_public_benchmark\casas_hh101\seed_2026\ldp\comparisons\comparison_results.csv
0.4363416425454703,0.5245604181967426,casas_hh101,0.0882187756512723,0.0857575617285897,0.286073931258397,ldp,fixed_attacker,lstm,0.2747819989224097,epsilon,2.0,0.5263724566980368,2026,D:\毕业设计毕业设计毕业设计毕业设计\Projects\iot_privacy_attack\outputs\defense\real_public_benchmark\casas_hh101\seed_2026\ldp\comparisons\comparison_results.csv
0.2081479241370372,0.5245604181967426,casas_hh101,0.3164124940597053,0.2299198903245231,0.1165694889668543,ldp,fixed_attacker,lstm,0.0463991163875963,epsilon,5.0,0.8645524371474831,2026,D:\毕业设计毕业设计毕业设计毕业设计\Projects\iot_privacy_attack\outputs\defense\real_public_benchmark\casas_hh101\seed_2026\ldp\comparisons\comparison_results.csv
