dataset,profile_name,model_type,mode,epsilon_min,epsilon_max,weight_sensitivity,weight_traffic,use_edge_budget_cap,mean_baseline_acc,mean_defended_acc,mean_accuracy_drop,mean_defended_f1_macro,mean_mse,mean_mae,mean_pearson_r,num_seeds,source_file
casas_hh101,adaptive_default,lstm,fixed_attacker,0.4,4.0,0.5,0.5,False,0.48223671894125947,0.14237986204115724,0.3398568569001022,0.11797472028533722,0.2060182785416198,0.22905865015607096,0.5944407400699881,3,outputs/reports/final_thesis/real/real_parameter_scan_adaptive_ldp.csv
casas_hh101,adaptive_default,lstm,retrain_attacker,0.4,4.0,0.5,0.5,False,0.47153698823461637,0.43169021183450695,0.0398467764001094,0.1936732198432638,0.2060182785416198,0.22905865015607096,0.5944407400699881,3,outputs/reports/final_thesis/real/real_parameter_scan_adaptive_ldp.csv
casas_hh101,adaptive_default,mlp,fixed_attacker,0.4,4.0,0.5,0.5,False,0.4378681182586656,0.06467360781094737,0.3731945104477182,0.013792800042552367,0.2060182785416198,0.22905865015607096,0.5944407400699881,3,outputs/reports/final_thesis/real/real_parameter_scan_adaptive_ldp.csv
casas_hh101,adaptive_default,mlp,retrain_attacker,0.4,4.0,0.5,0.5,False,0.3400584668999582,0.3419881626128656,-0.0019296957129073995,0.10942921546671015,0.2060182785416198,0.22905865015607096,0.5944407400699881,3,outputs/reports/final_thesis/real/real_parameter_scan_adaptive_ldp.csv
casas_hh101,adaptive_strong_privacy,lstm,fixed_attacker,0.2,1.0,0.5,0.5,False,0.48223671894125947,0.03310724211920907,0.44912947682205034,0.022047197693170498,2.4214501965215782,0.7920414355561943,0.16935474275750606,3,outputs/reports/final_thesis/real/real_parameter_scan_adaptive_ldp.csv
casas_hh101,adaptive_strong_privacy,lstm,retrain_attacker,0.2,1.0,0.5,0.5,False,0.3094569490646736,0.3171037283449259,-0.0076467792802523,0.10970872748822975,2.4214501965215782,0.7920414355561943,0.16935474275750606,3,outputs/reports/final_thesis/real/real_parameter_scan_adaptive_ldp.csv
casas_hh101,adaptive_strong_privacy,mlp,fixed_attacker,0.2,1.0,0.5,0.5,False,0.4378681182586656,0.057070030673521364,0.3807980875851442,0.0130182238993755,2.4214501965215782,0.7920414355561943,0.16935474275750606,3,outputs/reports/final_thesis/real/real_parameter_scan_adaptive_ldp.csv
casas_hh101,adaptive_strong_privacy,mlp,retrain_attacker,0.2,1.0,0.5,0.5,False,0.30153655621318814,0.24874353767946888,0.05279301853371923,0.0524454828455149,2.4214501965215782,0.7920414355561943,0.16935474275750606,3,outputs/reports/final_thesis/real/real_parameter_scan_adaptive_ldp.csv
casas_hh101,adaptive_weak_privacy,lstm,fixed_attacker,1.0,6.0,0.5,0.5,False,0.48223671894125947,0.27634970694546446,0.20588701199579496,0.17588582503600758,0.08022874911111162,0.1455288350761388,0.7844692561461519,3,outputs/reports/final_thesis/real/real_parameter_scan_adaptive_ldp.csv
casas_hh101,adaptive_weak_privacy,lstm,retrain_attacker,1.0,6.0,0.5,0.5,False,0.5047018332109272,0.48533287251047647,0.019368960700450667,0.232735291154467,0.08022874911111162,0.1455288350761388,0.7844692561461519,3,outputs/reports/final_thesis/real/real_parameter_scan_adaptive_ldp.csv
casas_hh101,adaptive_weak_privacy,mlp,fixed_attacker,1.0,6.0,0.5,0.5,False,0.4378681182586656,0.062023876384268595,0.37584424187439697,0.014509205673599868,0.08022874911111162,0.1455288350761388,0.7844692561461519,3,outputs/reports/final_thesis/real/real_parameter_scan_adaptive_ldp.csv
casas_hh101,adaptive_weak_privacy,mlp,retrain_attacker,1.0,6.0,0.5,0.5,False,0.3432698261833787,0.4026295704266931,-0.05935974424331444,0.1225608088772131,0.08022874911111162,0.1455288350761388,0.7844692561461519,3,outputs/reports/final_thesis/real/real_parameter_scan_adaptive_ldp.csv
casas_hh101,adaptive_sensitivity_only,lstm,fixed_attacker,0.4,4.0,1.0,0.0,False,0.48223671894125947,0.1946256534324102,0.28761106550884924,0.13082225861701838,1.1452507796078635,0.3474159949742328,0.28726144032055767,3,outputs/reports/final_thesis/real/real_parameter_scan_adaptive_ldp.csv
casas_hh101,adaptive_sensitivity_only,lstm,retrain_attacker,0.4,4.0,1.0,0.0,False,0.39182903472012204,0.3757290361601935,0.016099998559928535,0.15296302457803582,1.1452507796078635,0.3474159949742328,0.28726144032055767,3,outputs/reports/final_thesis/real/real_parameter_scan_adaptive_ldp.csv
casas_hh101,adaptive_sensitivity_only,mlp,fixed_attacker,0.4,4.0,1.0,0.0,False,0.4378681182586656,0.0597629642430264,0.3781051540156392,0.019895078221470932,1.1452507796078635,0.3474159949742328,0.28726144032055767,3,outputs/reports/final_thesis/real/real_parameter_scan_adaptive_ldp.csv
casas_hh101,adaptive_sensitivity_only,mlp,retrain_attacker,0.4,4.0,1.0,0.0,False,0.3719272475914805,0.3873936147232903,-0.015466367131809766,0.10559201783383226,1.1452507796078635,0.3474159949742328,0.28726144032055767,3,outputs/reports/final_thesis/real/real_parameter_scan_adaptive_ldp.csv
casas_hh101,adaptive_traffic_only,lstm,fixed_attacker,0.4,4.0,0.0,1.0,False,0.48223671894125947,0.10136662778473808,0.3808700911565213,0.09843000061216213,0.22888564225762045,0.26100765248405483,0.5678867861010936,3,outputs/reports/final_thesis/real/real_parameter_scan_adaptive_ldp.csv
casas_hh101,adaptive_traffic_only,lstm,retrain_attacker,0.4,4.0,0.0,1.0,False,0.4640774182399447,0.4202704454140925,0.0438069728258521,0.1960328233214349,0.22888564225762045,0.26100765248405483,0.5678867861010936,3,outputs/reports/final_thesis/real/real_parameter_scan_adaptive_ldp.csv
casas_hh101,adaptive_traffic_only,mlp,fixed_attacker,0.4,4.0,0.0,1.0,False,0.4378681182586656,0.06643049495254959,0.371437623306116,0.013711349705436133,0.22888564225762045,0.26100765248405483,0.5678867861010936,3,outputs/reports/final_thesis/real/real_parameter_scan_adaptive_ldp.csv
casas_hh101,adaptive_traffic_only,mlp,retrain_attacker,0.4,4.0,0.0,1.0,False,0.2704310133782636,0.3292579311933872,-0.058826917815123635,0.11167823712148506,0.22888564225762045,0.26100765248405483,0.5678867861010936,3,outputs/reports/final_thesis/real/real_parameter_scan_adaptive_ldp.csv
casas_hh101,adaptive_edge_cap_on,lstm,fixed_attacker,0.4,4.0,0.5,0.5,True,0.48223671894125947,0.14237986204115724,0.3398568569001022,0.11797472028533722,0.20601828509015638,0.229058655064565,0.5944407327907187,3,outputs/reports/final_thesis/real/real_parameter_scan_adaptive_ldp.csv
casas_hh101,adaptive_edge_cap_on,lstm,retrain_attacker,0.4,4.0,0.5,0.5,True,0.478118114658487,0.435088780403508,0.04302933425497899,0.19599809364183032,0.20601828509015638,0.229058655064565,0.5944407327907187,3,outputs/reports/final_thesis/real/real_parameter_scan_adaptive_ldp.csv
casas_hh101,adaptive_edge_cap_on,mlp,fixed_attacker,0.4,4.0,0.5,0.5,True,0.4378681182586656,0.06467360781094737,0.3731945104477182,0.013792800042552367,0.20601828509015638,0.229058655064565,0.5944407327907187,3,outputs/reports/final_thesis/real/real_parameter_scan_adaptive_ldp.csv
casas_hh101,adaptive_edge_cap_on,mlp,retrain_attacker,0.4,4.0,0.5,0.5,True,0.3183277890583373,0.3783067640154951,-0.05997897495715787,0.1056273150147334,0.20601828509015638,0.229058655064565,0.5944407327907187,3,outputs/reports/final_thesis/real/real_parameter_scan_adaptive_ldp.csv
kasteren,adaptive_default,lstm,fixed_attacker,0.4,4.0,0.5,0.5,False,0.35405872193436955,0.07426597582037993,0.2797927461139896,0.0627126414461474,0.21538086727203198,0.24101253348500296,0.4495767652227964,3,outputs/reports/final_thesis/real/real_parameter_scan_adaptive_ldp.csv
kasteren,adaptive_default,lstm,retrain_attacker,0.4,4.0,0.5,0.5,False,0.12435233160621756,0.08635578583765106,0.03799654576856647,0.048277552443087866,0.21538086727203198,0.24101253348500296,0.4495767652227964,3,outputs/reports/final_thesis/real/real_parameter_scan_adaptive_ldp.csv
kasteren,adaptive_default,mlp,fixed_attacker,0.4,4.0,0.5,0.5,False,0.17962003454231426,0.031088082901554365,0.1485319516407599,0.006131883138267134,0.21538086727203198,0.24101253348500296,0.4495767652227964,3,outputs/reports/final_thesis/real/real_parameter_scan_adaptive_ldp.csv
kasteren,adaptive_default,mlp,retrain_attacker,0.4,4.0,0.5,0.5,False,0.03799654576856647,0.034542314335060435,0.0034542314335060335,0.0027465923824420003,0.21538086727203198,0.24101253348500296,0.4495767652227964,3,outputs/reports/final_thesis/real/real_parameter_scan_adaptive_ldp.csv
kasteren,adaptive_strong_privacy,lstm,fixed_attacker,0.2,1.0,0.5,0.5,False,0.35405872193436955,0.017271157167530166,0.3367875647668393,0.006758748268707901,2.792280768105123,0.8577475440577169,0.11052938344015013,3,outputs/reports/final_thesis/real/real_parameter_scan_adaptive_ldp.csv
kasteren,adaptive_strong_privacy,lstm,retrain_attacker,0.2,1.0,0.5,0.5,False,0.008635578583765067,0.008635578583765067,3.353798720221827e-17,0.009065840988833866,2.792280768105123,0.8577475440577169,0.11052938344015013,3,outputs/reports/final_thesis/real/real_parameter_scan_adaptive_ldp.csv
kasteren,adaptive_strong_privacy,mlp,fixed_attacker,0.2,1.0,0.5,0.5,False,0.17962003454231426,0.013816925734024167,0.1658031088082901,0.0047974645598320995,2.792280768105123,0.8577475440577169,0.11052938344015013,3,outputs/reports/final_thesis/real/real_parameter_scan_adaptive_ldp.csv
kasteren,adaptive_strong_privacy,mlp,retrain_attacker,0.2,1.0,0.5,0.5,False,0.022452504317789234,0.0259067357512953,-0.0034542314335060335,0.0016576862927154667,2.792280768105123,0.8577475440577169,0.11052938344015013,3,outputs/reports/final_thesis/real/real_parameter_scan_adaptive_ldp.csv
kasteren,adaptive_weak_privacy,lstm,fixed_attacker,1.0,6.0,0.5,0.5,False,0.35405872193436955,0.13989637305699476,0.21416234887737473,0.11122611794504245,0.0863554522860478,0.1523061201332238,0.6500119858745982,3,outputs/reports/final_thesis/real/real_parameter_scan_adaptive_ldp.csv
kasteren,adaptive_weak_privacy,lstm,retrain_attacker,1.0,6.0,0.5,0.5,False,0.15716753022452498,0.13816925734024174,0.018998272884283234,0.08346352111883047,0.0863554522860478,0.1523061201332238,0.6500119858745982,3,outputs/reports/final_thesis/real/real_parameter_scan_adaptive_ldp.csv
kasteren,adaptive_weak_privacy,mlp,fixed_attacker,1.0,6.0,0.5,0.5,False,0.17962003454231426,0.04663212435233157,0.1329879101899827,0.009256275664380765,0.0863554522860478,0.1523061201332238,0.6500119858745982,3,outputs/reports/final_thesis/real/real_parameter_scan_adaptive_ldp.csv
kasteren,adaptive_weak_privacy,mlp,retrain_attacker,1.0,6.0,0.5,0.5,False,0.0241796200345423,0.029360967184801332,-0.0051813471502590676,0.006606966075886234,0.0863554522860478,0.1523061201332238,0.6500119858745982,3,outputs/reports/final_thesis/real/real_parameter_scan_adaptive_ldp.csv
kasteren,adaptive_sensitivity_only,lstm,fixed_attacker,0.4,4.0,1.0,0.0,False,0.35405872193436955,0.07426597582037993,0.2797927461139896,0.0627126414461474,0.21538086727203198,0.24101253348500296,0.4495767652227964,3,outputs/reports/final_thesis/real/real_parameter_scan_adaptive_ldp.csv
kasteren,adaptive_sensitivity_only,lstm,retrain_attacker,0.4,4.0,1.0,0.0,False,0.12435233160621756,0.08635578583765106,0.03799654576856647,0.048277552443087866,0.21538086727203198,0.24101253348500296,0.4495767652227964,3,outputs/reports/final_thesis/real/real_parameter_scan_adaptive_ldp.csv
kasteren,adaptive_sensitivity_only,mlp,fixed_attacker,0.4,4.0,1.0,0.0,False,0.17962003454231426,0.031088082901554365,0.1485319516407599,0.006131883138267134,0.21538086727203198,0.24101253348500296,0.4495767652227964,3,outputs/reports/final_thesis/real/real_parameter_scan_adaptive_ldp.csv
kasteren,adaptive_sensitivity_only,mlp,retrain_attacker,0.4,4.0,1.0,0.0,False,0.03799654576856647,0.034542314335060435,0.0034542314335060335,0.0027465923824420003,0.21538086727203198,0.24101253348500296,0.4495767652227964,3,outputs/reports/final_thesis/real/real_parameter_scan_adaptive_ldp.csv
kasteren,adaptive_traffic_only,lstm,fixed_attacker,0.4,4.0,0.0,1.0,False,0.35405872193436955,0.07426597582037993,0.2797927461139896,0.0627126414461474,0.21538086727203198,0.24101253348500296,0.4495767652227964,3,outputs/reports/final_thesis/real/real_parameter_scan_adaptive_ldp.csv
kasteren,adaptive_traffic_only,lstm,retrain_attacker,0.4,4.0,0.0,1.0,False,0.12435233160621756,0.08635578583765106,0.03799654576856647,0.048277552443087866,0.21538086727203198,0.24101253348500296,0.4495767652227964,3,outputs/reports/final_thesis/real/real_parameter_scan_adaptive_ldp.csv
kasteren,adaptive_traffic_only,mlp,fixed_attacker,0.4,4.0,0.0,1.0,False,0.17962003454231426,0.031088082901554365,0.1485319516407599,0.006131883138267134,0.21538086727203198,0.24101253348500296,0.4495767652227964,3,outputs/reports/final_thesis/real/real_parameter_scan_adaptive_ldp.csv
kasteren,adaptive_traffic_only,mlp,retrain_attacker,0.4,4.0,0.0,1.0,False,0.03799654576856647,0.034542314335060435,0.0034542314335060335,0.0027465923824420003,0.21538086727203198,0.24101253348500296,0.4495767652227964,3,outputs/reports/final_thesis/real/real_parameter_scan_adaptive_ldp.csv
kasteren,adaptive_edge_cap_on,lstm,fixed_attacker,0.4,4.0,0.5,0.5,True,0.35405872193436955,0.07426597582037993,0.2797927461139896,0.0627126414461474,0.21538085813823507,0.24101252835988082,0.44957677420855896,3,outputs/reports/final_thesis/real/real_parameter_scan_adaptive_ldp.csv
kasteren,adaptive_edge_cap_on,lstm,retrain_attacker,0.4,4.0,0.5,0.5,True,0.12435233160621756,0.08635578583765106,0.03799654576856647,0.04848108486722987,0.21538085813823507,0.24101252835988082,0.44957677420855896,3,outputs/reports/final_thesis/real/real_parameter_scan_adaptive_ldp.csv
kasteren,adaptive_edge_cap_on,mlp,fixed_attacker,0.4,4.0,0.5,0.5,True,0.17962003454231426,0.031088082901554365,0.1485319516407599,0.006131883138267134,0.21538085813823507,0.24101252835988082,0.44957677420855896,3,outputs/reports/final_thesis/real/real_parameter_scan_adaptive_ldp.csv
kasteren,adaptive_edge_cap_on,mlp,retrain_attacker,0.4,4.0,0.5,0.5,True,0.03799654576856647,0.034542314335060435,0.0034542314335060335,0.0027465923824420003,0.21538085813823507,0.24101252835988082,0.44957677420855896,3,outputs/reports/final_thesis/real/real_parameter_scan_adaptive_ldp.csv
uci_har,adaptive_default,lstm,fixed_attacker,0.4,4.0,0.5,0.5,False,0.6982241827847528,0.40945594389774903,0.2887682388870037,0.334757548525197,0.7143550622903391,0.39118095976149414,0.31015652761147466,3,outputs/reports/final_thesis/real/real_parameter_scan_adaptive_ldp.csv
uci_har,adaptive_default,lstm,retrain_attacker,0.4,4.0,0.5,0.5,False,0.3862685216604456,0.6144101346001584,-0.2281416129397127,0.5604235725585195,0.7143550622903391,0.39118095976149414,0.31015652761147466,3,outputs/reports/final_thesis/real/real_parameter_scan_adaptive_ldp.csv
uci_har,adaptive_default,mlp,fixed_attacker,0.4,4.0,0.5,0.5,False,0.8061305282207895,0.25766316027598685,0.5484673679448027,0.18371026777985663,0.7143550622903391,0.39118095976149414,0.31015652761147466,3,outputs/reports/final_thesis/real/real_parameter_scan_adaptive_ldp.csv
uci_har,adaptive_default,mlp,retrain_attacker,0.4,4.0,0.5,0.5,False,0.25992534781133353,0.7119104173736003,-0.4519850695622667,0.69794992475749,0.7143550622903391,0.39118095976149414,0.31015652761147466,3,outputs/reports/final_thesis/real/real_parameter_scan_adaptive_ldp.csv
uci_har,adaptive_strong_privacy,lstm,fixed_attacker,0.2,1.0,0.5,0.5,False,0.6982241827847528,0.18154054971157108,0.5166836330731818,0.11521449041374347,4.732987828314406,1.0392053134883648,0.1008656064353407,3,outputs/reports/final_thesis/real/real_parameter_scan_adaptive_ldp.csv
uci_har,adaptive_strong_privacy,lstm,retrain_attacker,0.2,1.0,0.5,0.5,False,0.4043660219432191,0.5777626965275422,-0.17339667458432295,0.52237276225264,4.732987828314406,1.0392053134883648,0.1008656064353407,3,outputs/reports/final_thesis/real/real_parameter_scan_adaptive_ldp.csv
uci_har,adaptive_strong_privacy,mlp,fixed_attacker,0.2,1.0,0.5,0.5,False,0.8061305282207895,0.16649700260151568,0.6396335256192739,0.04769349346648236,4.732987828314406,1.0392053134883648,0.1008656064353407,3,outputs/reports/final_thesis/real/real_parameter_scan_adaptive_ldp.csv
uci_har,adaptive_strong_privacy,mlp,retrain_attacker,0.2,1.0,0.5,0.5,False,0.2205632846963013,0.6412170568940164,-0.4206537721977152,0.6064693036650249,4.732987828314406,1.0392053134883648,0.1008656064353407,3,outputs/reports/final_thesis/real/real_parameter_scan_adaptive_ldp.csv
uci_har,adaptive_weak_privacy,lstm,fixed_attacker,1.0,6.0,0.5,0.5,False,0.6982241827847528,0.44463296007239,0.25359122271236284,0.366051495202994,0.19960897542215894,0.24895871792952215,0.57486860968952,3,outputs/reports/final_thesis/real/real_parameter_scan_adaptive_ldp.csv
uci_har,adaptive_weak_privacy,lstm,retrain_attacker,1.0,6.0,0.5,0.5,False,0.43467933491686456,0.6426874787919918,-0.2080081438751272,0.6163776976038915,0.19960897542215894,0.24895871792952215,0.57486860968952,3,outputs/reports/final_thesis/real/real_parameter_scan_adaptive_ldp.csv
uci_har,adaptive_weak_privacy,mlp,fixed_attacker,1.0,6.0,0.5,0.5,False,0.8061305282207895,0.2963465671304151,0.5097839610903744,0.21343178263574394,0.19960897542215894,0.24895871792952215,0.57486860968952,3,outputs/reports/final_thesis/real/real_parameter_scan_adaptive_ldp.csv
uci_har,adaptive_weak_privacy,mlp,retrain_attacker,1.0,6.0,0.5,0.5,False,0.30347245786675714,0.7483316366926819,-0.44485917882592463,0.7368857449328483,0.19960897542215894,0.24895871792952215,0.57486860968952,3,outputs/reports/final_thesis/real/real_parameter_scan_adaptive_ldp.csv
uci_har,adaptive_sensitivity_only,lstm,fixed_attacker,0.4,4.0,1.0,0.0,False,0.6982241827847528,0.4114919126795611,0.2867322701051917,0.3375648129888922,0.6887854412687854,0.3792534430075097,0.31668032627367365,3,outputs/reports/final_thesis/real/real_parameter_scan_adaptive_ldp.csv
uci_har,adaptive_sensitivity_only,lstm,retrain_attacker,0.4,4.0,1.0,0.0,False,0.3690758963918109,0.648795385137428,-0.279719488745617,0.616105935686932,0.6887854412687854,0.3792534430075097,0.31668032627367365,3,outputs/reports/final_thesis/real/real_parameter_scan_adaptive_ldp.csv
uci_har,adaptive_sensitivity_only,mlp,fixed_attacker,0.4,4.0,1.0,0.0,False,0.8061305282207895,0.2618482072163782,0.5442823210044113,0.18796655608607823,0.6887854412687854,0.3792534430075097,0.31668032627367365,3,outputs/reports/final_thesis/real/real_parameter_scan_adaptive_ldp.csv
uci_har,adaptive_sensitivity_only,mlp,retrain_attacker,0.4,4.0,1.0,0.0,False,0.27044451985069556,0.7013912453342382,-0.4309467254835426,0.6856108252626681,0.6887854412687854,0.3792534430075097,0.31668032627367365,3,outputs/reports/final_thesis/real/real_parameter_scan_adaptive_ldp.csv
uci_har,adaptive_traffic_only,lstm,fixed_attacker,0.4,4.0,0.0,1.0,False,0.6982241827847528,0.4065151001017984,0.2917090826829544,0.3321852194632508,0.8064840758620475,0.41259989360715393,0.29007255924893155,3,outputs/reports/final_thesis/real/real_parameter_scan_adaptive_ldp.csv
uci_har,adaptive_traffic_only,lstm,retrain_attacker,0.4,4.0,0.0,1.0,False,0.4043660219432191,0.6293405723334465,-0.22497455039022732,0.567457039874339,0.8064840758620475,0.41259989360715393,0.29007255924893155,3,outputs/reports/final_thesis/real/real_parameter_scan_adaptive_ldp.csv
uci_har,adaptive_traffic_only,mlp,fixed_attacker,0.4,4.0,0.0,1.0,False,0.8061305282207895,0.2526863476982242,0.5534441805225653,0.17890379756364827,0.8064840758620475,0.41259989360715393,0.29007255924893155,3,outputs/reports/final_thesis/real/real_parameter_scan_adaptive_ldp.csv
uci_har,adaptive_traffic_only,mlp,retrain_attacker,0.4,4.0,0.0,1.0,False,0.2646759416355616,0.6948309014817329,-0.4301549598461712,0.6791859782435554,0.8064840758620475,0.41259989360715393,0.29007255924893155,3,outputs/reports/final_thesis/real/real_parameter_scan_adaptive_ldp.csv
uci_har,adaptive_edge_cap_on,lstm,fixed_attacker,0.4,4.0,0.5,0.5,True,0.6982241827847528,0.40945594389774903,0.2887682388870037,0.334757548525197,0.7143550544149934,0.39118095896013644,0.31015652944347,3,outputs/reports/final_thesis/real/real_parameter_scan_adaptive_ldp.csv
uci_har,adaptive_edge_cap_on,lstm,retrain_attacker,0.4,4.0,0.5,0.5,True,0.3947517249179957,0.643366135052596,-0.2486144101346001,0.6088533636535771,0.7143550544149934,0.39118095896013644,0.31015652944347,3,outputs/reports/final_thesis/real/real_parameter_scan_adaptive_ldp.csv
uci_har,adaptive_edge_cap_on,mlp,fixed_attacker,0.4,4.0,0.5,0.5,True,0.8061305282207895,0.25766316027598685,0.5484673679448027,0.18371026777985663,0.7143550544149934,0.39118095896013644,0.31015652944347,3,outputs/reports/final_thesis/real/real_parameter_scan_adaptive_ldp.csv
uci_har,adaptive_edge_cap_on,mlp,retrain_attacker,0.4,4.0,0.5,0.5,True,0.2658070354032349,0.7007125890736342,-0.43490555367039924,0.6850002320360419,0.7143550544149934,0.39118095896013644,0.31015652944347,3,outputs/reports/final_thesis/real/real_parameter_scan_adaptive_ldp.csv
