dataset,seed,model_type,mode,method,profile_name,parameter_name,parameter_value,epsilon_min,epsilon_max,weight_sensitivity,weight_traffic,use_edge_budget_cap,edge_inverse_budget_cap,baseline_acc,defended_acc,accuracy_drop,defended_f1_macro,mse,mae,pearson_r,model_source,source_file
casas_hh101,42,lstm,fixed_attacker,ldp,,epsilon,0.1,,,,,,,0.4722426232341124,0.02233550784118892,0.4499071153929235,0.011350650296526058,100.07819875442293,5.079383226549143,0.02240579618666732,outputs/models/casas_hh101/seed_42/lstm/baseline/best_lstm.pt,outputs/experiments/casas_hh101/seed_42/lstm/ldp/fixed_attacker/parameter_scan/comparison_results.csv
casas_hh101,42,lstm,fixed_attacker,ldp,,epsilon,0.5,,,,,,,0.4722426232341124,0.02777897783730073,0.4444636453968117,0.01856374090309888,4.060161297330352,1.0656069449097385,0.125997908696249,outputs/models/casas_hh101/seed_42/lstm/baseline/best_lstm.pt,outputs/experiments/casas_hh101/seed_42/lstm/ldp/fixed_attacker/parameter_scan/comparison_results.csv
casas_hh101,42,lstm,fixed_attacker,ldp,,epsilon,1.0,,,,,,,0.4722426232341124,0.03477772497515877,0.4374648982589536,0.0344558543770684,1.0440614061133688,0.5527017422179649,0.26936214619140664,outputs/models/casas_hh101/seed_42/lstm/baseline/best_lstm.pt,outputs/experiments/casas_hh101/seed_42/lstm/ldp/fixed_attacker/parameter_scan/comparison_results.csv
casas_hh101,42,lstm,fixed_attacker,ldp,,epsilon,2.0,,,,,,,0.4722426232341124,0.06592646995290967,0.40631615328120274,0.07206476486554944,0.27475527759564294,0.2860411032511693,0.5264802589089248,outputs/models/casas_hh101/seed_42/lstm/baseline/best_lstm.pt,outputs/experiments/casas_hh101/seed_42/lstm/ldp/fixed_attacker/parameter_scan/comparison_results.csv
casas_hh101,42,lstm,fixed_attacker,ldp,,epsilon,5.0,,,,,,,0.4722426232341124,0.3119194712057718,0.16032315202834063,0.20761225947661824,0.046394513170501916,0.11655724735245104,0.8645704132313116,outputs/models/casas_hh101/seed_42/lstm/baseline/best_lstm.pt,outputs/experiments/casas_hh101/seed_42/lstm/ldp/fixed_attacker/parameter_scan/comparison_results.csv
casas_hh101,42,lstm,retrain_attacker,ldp,,epsilon,0.1,,,,,,,0.16965481487881798,0.06644489566682507,0.1032099192119929,0.02546322059276282,100.07819875442293,5.079383226549143,0.02240579618666732,outputs/models/casas_hh101/seed_42/lstm/baseline/best_lstm.pt,outputs/experiments/casas_hh101/seed_42/lstm/ldp/retrain_attacker/parameter_scan/comparison_results.csv
casas_hh101,42,lstm,retrain_attacker,ldp,,epsilon,0.5,,,,,,,0.16792672916576662,0.16127359917051887,0.006653129995247753,0.08000492099061872,4.060161297330352,1.0656069449097385,0.125997908696249,outputs/models/casas_hh101/seed_42/lstm/baseline/best_lstm.pt,outputs/experiments/casas_hh101/seed_42/lstm/ldp/retrain_attacker/parameter_scan/comparison_results.csv
casas_hh101,42,lstm,retrain_attacker,ldp,,epsilon,1.0,,,,,,,0.44856784896530866,0.3746921847323627,0.07387566423294595,0.1506007641008737,1.0440614061133688,0.5527017422179649,0.26936214619140664,outputs/models/casas_hh101/seed_42/lstm/baseline/best_lstm.pt,outputs/experiments/casas_hh101/seed_42/lstm/ldp/retrain_attacker/parameter_scan/comparison_results.csv
casas_hh101,42,lstm,retrain_attacker,ldp,,epsilon,2.0,,,,,,,0.45219682896271657,0.3578433490301119,0.09435347993260468,0.19345028570850606,0.27475527759564294,0.2860411032511693,0.5264802589089248,outputs/models/casas_hh101/seed_42/lstm/baseline/best_lstm.pt,outputs/experiments/casas_hh101/seed_42/lstm/ldp/retrain_attacker/parameter_scan/comparison_results.csv
casas_hh101,42,lstm,retrain_attacker,ldp,,epsilon,5.0,,,,,,,0.46641033395256404,0.45677625610230266,0.00963407785026138,0.255686445307365,0.046394513170501916,0.11655724735245104,0.8645704132313116,outputs/models/casas_hh101/seed_42/lstm/baseline/best_lstm.pt,outputs/experiments/casas_hh101/seed_42/lstm/ldp/retrain_attacker/parameter_scan/comparison_results.csv
casas_hh101,42,mlp,fixed_attacker,ldp,,epsilon,0.1,,,,,,,0.43469996111807147,0.015509569274636021,0.41919039184343543,0.003529421007043368,100.07819875442293,5.079383226549143,0.02240579618666732,outputs/models/casas_hh101/seed_42/mlp/baseline/best_mlp.pt,outputs/experiments/casas_hh101/seed_42/mlp/ldp/fixed_attacker/parameter_scan/comparison_results.csv
casas_hh101,42,mlp,fixed_attacker,ldp,,epsilon,0.5,,,,,,,0.43469996111807147,0.06290231995506977,0.3717976411630017,0.010343138649526669,4.060161297330352,1.0656069449097385,0.125997908696249,outputs/models/casas_hh101/seed_42/mlp/baseline/best_mlp.pt,outputs/experiments/casas_hh101/seed_42/mlp/ldp/fixed_attacker/parameter_scan/comparison_results.csv
casas_hh101,42,mlp,fixed_attacker,ldp,,epsilon,1.0,,,,,,,0.43469996111807147,0.0617358620987601,0.3729640990193114,0.005230770046660021,1.0440614061133688,0.5527017422179649,0.26936214619140664,outputs/models/casas_hh101/seed_42/mlp/baseline/best_mlp.pt,outputs/experiments/casas_hh101/seed_42/mlp/ldp/fixed_attacker/parameter_scan/comparison_results.csv
casas_hh101,42,mlp,fixed_attacker,ldp,,epsilon,2.0,,,,,,,0.43469996111807147,0.06657450209530393,0.36812545902276755,0.008881232146499956,0.27475527759564294,0.2860411032511693,0.5264802589089248,outputs/models/casas_hh101/seed_42/mlp/baseline/best_mlp.pt,outputs/experiments/casas_hh101/seed_42/mlp/ldp/fixed_attacker/parameter_scan/comparison_results.csv
casas_hh101,42,mlp,fixed_attacker,ldp,,epsilon,5.0,,,,,,,0.43469996111807147,0.0628159156694172,0.3718840454486543,0.012340864774459294,0.046394513170501916,0.11655724735245104,0.8645704132313116,outputs/models/casas_hh101/seed_42/mlp/baseline/best_mlp.pt,outputs/experiments/casas_hh101/seed_42/mlp/ldp/fixed_attacker/parameter_scan/comparison_results.csv
casas_hh101,42,mlp,retrain_attacker,ldp,,epsilon,0.1,,,,,,,0.06899382209357584,0.06899382209357584,0.0,0.0037965234590441412,100.07819875442293,5.079383226549143,0.02240579618666732,outputs/models/casas_hh101/seed_42/mlp/baseline/best_mlp.pt,outputs/experiments/casas_hh101/seed_42/mlp/ldp/retrain_attacker/parameter_scan/comparison_results.csv
casas_hh101,42,mlp,retrain_attacker,ldp,,epsilon,0.5,,,,,,,0.06899382209357584,0.06899382209357584,0.0,0.0037965234590441412,4.060161297330352,1.0656069449097385,0.125997908696249,outputs/models/casas_hh101/seed_42/mlp/baseline/best_mlp.pt,outputs/experiments/casas_hh101/seed_42/mlp/ldp/retrain_attacker/parameter_scan/comparison_results.csv
casas_hh101,42,mlp,retrain_attacker,ldp,,epsilon,1.0,,,,,,,0.40748261113751244,0.3395256404717674,0.06795697066574502,0.0893809269610826,1.0440614061133688,0.5527017422179649,0.26936214619140664,outputs/models/casas_hh101/seed_42/mlp/baseline/best_mlp.pt,outputs/experiments/casas_hh101/seed_42/mlp/ldp/retrain_attacker/parameter_scan/comparison_results.csv
casas_hh101,42,mlp,retrain_attacker,ldp,,epsilon,2.0,,,,,,,0.41374692184732365,0.3486412926081134,0.06510562923921026,0.10184731359449743,0.27475527759564294,0.2860411032511693,0.5264802589089248,outputs/models/casas_hh101/seed_42/mlp/baseline/best_mlp.pt,outputs/experiments/casas_hh101/seed_42/mlp/ldp/retrain_attacker/parameter_scan/comparison_results.csv
casas_hh101,42,mlp,retrain_attacker,ldp,,epsilon,5.0,,,,,,,0.4252818939819415,0.4203568496997451,0.004925044282196367,0.13471676715224765,0.046394513170501916,0.11655724735245104,0.8645704132313116,outputs/models/casas_hh101/seed_42/mlp/baseline/best_mlp.pt,outputs/experiments/casas_hh101/seed_42/mlp/ldp/retrain_attacker/parameter_scan/comparison_results.csv
casas_hh101,123,lstm,fixed_attacker,ldp,,epsilon,0.1,,,,,,,0.4499071153929235,0.022249103555536356,0.42765801183738716,0.00941320631005674,100.12131251426639,5.081210686225128,0.022530234511821498,outputs/models/casas_hh101/seed_123/lstm/baseline/best_lstm.pt,outputs/experiments/casas_hh101/seed_123/lstm/ldp/fixed_attacker/parameter_scan/comparison_results.csv
casas_hh101,123,lstm,fixed_attacker,ldp,,epsilon,0.5,,,,,,,0.4499071153929235,0.025662072838812805,0.42424504255411066,0.016620440104249425,4.0619048313681745,1.0659871625115116,0.1260802947534338,outputs/models/casas_hh101/seed_123/lstm/baseline/best_lstm.pt,outputs/experiments/casas_hh101/seed_123/lstm/ldp/fixed_attacker/parameter_scan/comparison_results.csv
casas_hh101,123,lstm,fixed_attacker,ldp,,epsilon,1.0,,,,,,,0.4499071153929235,0.03762906640169352,0.41227804899123,0.03311543987360175,1.0445092831841984,0.5528992152254002,0.26939232422414516,outputs/models/casas_hh101/seed_123/lstm/baseline/best_lstm.pt,outputs/experiments/casas_hh101/seed_123/lstm/ldp/fixed_attacker/parameter_scan/comparison_results.csv
casas_hh101,123,lstm,fixed_attacker,ldp,,epsilon,2.0,,,,,,,0.4499071153929235,0.10290750421220893,0.34699961118071454,0.09482366435992706,0.27489479888614343,0.2861574968719861,0.5263858483508963,outputs/models/casas_hh101/seed_123/lstm/baseline/best_lstm.pt,outputs/experiments/casas_hh101/seed_123/lstm/ldp/fixed_attacker/parameter_scan/comparison_results.csv
casas_hh101,123,lstm,fixed_attacker,ldp,,epsilon,5.0,,,,,,,0.4499071153929235,0.33853199118676286,0.11137512420616064,0.22788227177726603,0.04642782210520747,0.11661265097637724,0.8644750507222618,outputs/models/casas_hh101/seed_123/lstm/baseline/best_lstm.pt,outputs/experiments/casas_hh101/seed_123/lstm/ldp/fixed_attacker/parameter_scan/comparison_results.csv
casas_hh101,123,lstm,retrain_attacker,ldp,,epsilon,0.1,,,,,,,0.18326348986909752,0.08813237136561973,0.09513111850347779,0.029734850919739833,100.12131251426639,5.081210686225128,0.022530234511821498,outputs/models/casas_hh101/seed_123/lstm/baseline/best_lstm.pt,outputs/experiments/casas_hh101/seed_123/lstm/ldp/retrain_attacker/parameter_scan/comparison_results.csv
casas_hh101,123,lstm,retrain_attacker,ldp,,epsilon,0.5,,,,,,,0.488141011794185,0.2758024798029982,0.2123385319911868,0.09952407050184447,4.0619048313681745,1.0659871625115116,0.1260802947534338,outputs/models/casas_hh101/seed_123/lstm/baseline/best_lstm.pt,outputs/experiments/casas_hh101/seed_123/lstm/ldp/retrain_attacker/parameter_scan/comparison_results.csv
casas_hh101,123,lstm,retrain_attacker,ldp,,epsilon,1.0,,,,,,,0.4570354689592604,0.3381863740441526,0.11884909491510781,0.14288134740748654,1.0445092831841984,0.5528992152254002,0.26939232422414516,outputs/models/casas_hh101/seed_123/lstm/baseline/best_lstm.pt,outputs/experiments/casas_hh101/seed_123/lstm/ldp/retrain_attacker/parameter_scan/comparison_results.csv
casas_hh101,123,lstm,retrain_attacker,ldp,,epsilon,2.0,,,,,,,0.5103037110640688,0.4433403896833283,0.06696332138074051,0.20273686690757223,0.27489479888614343,0.2861574968719861,0.5263858483508963,outputs/models/casas_hh101/seed_123/lstm/baseline/best_lstm.pt,outputs/experiments/casas_hh101/seed_123/lstm/ldp/retrain_attacker/parameter_scan/comparison_results.csv
casas_hh101,123,lstm,retrain_attacker,ldp,,epsilon,5.0,,,,,,,0.4971270575020521,0.4479630189657407,0.049164038536311405,0.2567109154530074,0.04642782210520747,0.11661265097637724,0.8644750507222618,outputs/models/casas_hh101/seed_123/lstm/baseline/best_lstm.pt,outputs/experiments/casas_hh101/seed_123/lstm/ldp/retrain_attacker/parameter_scan/comparison_results.csv
casas_hh101,123,mlp,fixed_attacker,ldp,,epsilon,0.1,,,,,,,0.4379401218300428,0.05832289281548365,0.37961722901455913,0.006422068577005017,100.12131251426639,5.081210686225128,0.022530234511821498,outputs/models/casas_hh101/seed_123/mlp/baseline/best_mlp.pt,outputs/experiments/casas_hh101/seed_123/mlp/ldp/fixed_attacker/parameter_scan/comparison_results.csv
casas_hh101,123,mlp,fixed_attacker,ldp,,epsilon,0.5,,,,,,,0.4379401218300428,0.05780446710156824,0.38013565472847455,0.011864815093985,4.0619048313681745,1.0659871625115116,0.1260802947534338,outputs/models/casas_hh101/seed_123/mlp/baseline/best_mlp.pt,outputs/experiments/casas_hh101/seed_123/mlp/ldp/fixed_attacker/parameter_scan/comparison_results.csv
casas_hh101,123,mlp,fixed_attacker,ldp,,epsilon,1.0,,,,,,,0.4379401218300428,0.062038277098544085,0.3759018447314987,0.0055383722212790166,1.0445092831841984,0.5528992152254002,0.26939232422414516,outputs/models/casas_hh101/seed_123/mlp/baseline/best_mlp.pt,outputs/experiments/casas_hh101/seed_123/mlp/ldp/fixed_attacker/parameter_scan/comparison_results.csv
casas_hh101,123,mlp,fixed_attacker,ldp,,epsilon,2.0,,,,,,,0.4379401218300428,0.06411197995420573,0.373828141875837,0.009080844000043864,0.27489479888614343,0.2861574968719861,0.5263858483508963,outputs/models/casas_hh101/seed_123/mlp/baseline/best_mlp.pt,outputs/experiments/casas_hh101/seed_123/mlp/ldp/fixed_attacker/parameter_scan/comparison_results.csv
casas_hh101,123,mlp,fixed_attacker,ldp,,epsilon,5.0,,,,,,,0.4379401218300428,0.060699010670929275,0.3772411111591135,0.01167007025580745,0.04642782210520747,0.11661265097637724,0.8644750507222618,outputs/models/casas_hh101/seed_123/mlp/baseline/best_mlp.pt,outputs/experiments/casas_hh101/seed_123/mlp/ldp/fixed_attacker/parameter_scan/comparison_results.csv
casas_hh101,123,mlp,retrain_attacker,ldp,,epsilon,0.1,,,,,,,0.044541409253898996,0.044541409253898996,0.0,0.0025083571355583346,100.12131251426639,5.081210686225128,0.022530234511821498,outputs/models/casas_hh101/seed_123/mlp/baseline/best_mlp.pt,outputs/experiments/casas_hh101/seed_123/mlp/ldp/retrain_attacker/parameter_scan/comparison_results.csv
casas_hh101,123,mlp,retrain_attacker,ldp,,epsilon,0.5,,,,,,,0.044541409253898996,0.044541409253898996,0.0,0.0025083571355583346,4.0619048313681745,1.0659871625115116,0.1260802947534338,outputs/models/casas_hh101/seed_123/mlp/baseline/best_mlp.pt,outputs/experiments/casas_hh101/seed_123/mlp/ldp/retrain_attacker/parameter_scan/comparison_results.csv
casas_hh101,123,mlp,retrain_attacker,ldp,,epsilon,1.0,,,,,,,0.4017799282844429,0.31282671620512376,0.08895321207931917,0.08563054774050445,1.0445092831841984,0.5528992152254002,0.26939232422414516,outputs/models/casas_hh101/seed_123/mlp/baseline/best_mlp.pt,outputs/experiments/casas_hh101/seed_123/mlp/ldp/retrain_attacker/parameter_scan/comparison_results.csv
casas_hh101,123,mlp,retrain_attacker,ldp,,epsilon,2.0,,,,,,,0.1650321855964056,0.27035900980688643,-0.10532682421048084,0.06877213878394285,0.27489479888614343,0.2861574968719861,0.5263858483508963,outputs/models/casas_hh101/seed_123/mlp/baseline/best_mlp.pt,outputs/experiments/casas_hh101/seed_123/mlp/ldp/retrain_attacker/parameter_scan/comparison_results.csv
casas_hh101,123,mlp,retrain_attacker,ldp,,epsilon,5.0,,,,,,,0.3769386961593295,0.33766794833023717,0.039270747829092345,0.11606395144548404,0.04642782210520747,0.11661265097637724,0.8644750507222618,outputs/models/casas_hh101/seed_123/mlp/baseline/best_mlp.pt,outputs/experiments/casas_hh101/seed_123/mlp/ldp/retrain_attacker/parameter_scan/comparison_results.csv
casas_hh101,2026,lstm,fixed_attacker,ldp,,epsilon,0.1,,,,,,,0.5245604181967426,0.02963666997883095,0.49492374821791163,0.010007224904031544,100.09262055140378,5.080196667455829,0.02216198165383393,outputs/models/casas_hh101/seed_2026/lstm/baseline/best_lstm.pt,outputs/experiments/casas_hh101/seed_2026/lstm/ldp/fixed_attacker/parameter_scan/comparison_results.csv
casas_hh101,2026,lstm,fixed_attacker,ldp,,epsilon,0.5,,,,,,,0.5245604181967426,0.03896833282930833,0.48559208536743426,0.019881407520688756,4.06073482146049,1.0657673506956782,0.12576559912836982,outputs/models/casas_hh101/seed_2026/lstm/baseline/best_lstm.pt,outputs/experiments/casas_hh101/seed_2026/lstm/ldp/fixed_attacker/parameter_scan/comparison_results.csv
casas_hh101,2026,lstm,fixed_attacker,ldp,,epsilon,1.0,,,,,,,0.5245604181967426,0.04829999567978572,0.4762604225169569,0.03789041350002957,1.0441997554501992,0.5527789735311809,0.2691615838531791,outputs/models/casas_hh101/seed_2026/lstm/baseline/best_lstm.pt,outputs/experiments/casas_hh101/seed_2026/lstm/ldp/fixed_attacker/parameter_scan/comparison_results.csv
casas_hh101,2026,lstm,fixed_attacker,ldp,,epsilon,2.0,,,,,,,0.5245604181967426,0.0882187756512723,0.4363416425454703,0.0857575617285897,0.27478199892240973,0.28607393125839703,0.5263724566980368,outputs/models/casas_hh101/seed_2026/lstm/baseline/best_lstm.pt,outputs/experiments/casas_hh101/seed_2026/lstm/ldp/fixed_attacker/parameter_scan/comparison_results.csv
casas_hh101,2026,lstm,fixed_attacker,ldp,,epsilon,5.0,,,,,,,0.5245604181967426,0.31641249405970534,0.20814792413703725,0.22991989032452315,0.04639911638759637,0.11656948896685436,0.8645524371474831,outputs/models/casas_hh101/seed_2026/lstm/baseline/best_lstm.pt,outputs/experiments/casas_hh101/seed_2026/lstm/ldp/fixed_attacker/parameter_scan/comparison_results.csv
casas_hh101,2026,lstm,retrain_attacker,ldp,,epsilon,0.1,,,,,,,0.15799023631572126,0.05905732924353048,0.09893290707219078,0.02956116576429486,100.09262055140378,5.080196667455829,0.02216198165383393,outputs/models/casas_hh101/seed_2026/lstm/baseline/best_lstm.pt,outputs/experiments/casas_hh101/seed_2026/lstm/ldp/retrain_attacker/parameter_scan/comparison_results.csv
casas_hh101,2026,lstm,retrain_attacker,ldp,,epsilon,0.5,,,,,,,0.43556400397459716,0.271050244092107,0.16451375988249017,0.08646640051268394,4.06073482146049,1.0657673506956782,0.12576559912836982,outputs/models/casas_hh101/seed_2026/lstm/baseline/best_lstm.pt,outputs/experiments/casas_hh101/seed_2026/lstm/ldp/retrain_attacker/parameter_scan/comparison_results.csv
casas_hh101,2026,lstm,retrain_attacker,ldp,,epsilon,1.0,,,,,,,0.17734479630189656,0.2307858469780101,-0.053441050676113544,0.1355803436628986,1.0441997554501992,0.5527789735311809,0.2691615838531791,outputs/models/casas_hh101/seed_2026/lstm/baseline/best_lstm.pt,outputs/experiments/casas_hh101/seed_2026/lstm/ldp/retrain_attacker/parameter_scan/comparison_results.csv
casas_hh101,2026,lstm,retrain_attacker,ldp,,epsilon,2.0,,,,,,,0.4238562232686741,0.3842830604397978,0.039573162828876296,0.18280491836967594,0.27478199892240973,0.28607393125839703,0.5263724566980368,outputs/models/casas_hh101/seed_2026/lstm/baseline/best_lstm.pt,outputs/experiments/casas_hh101/seed_2026/lstm/ldp/retrain_attacker/parameter_scan/comparison_results.csv
casas_hh101,2026,lstm,retrain_attacker,ldp,,epsilon,5.0,,,,,,,0.43374951397589323,0.4580291182442649,-0.02427960426837167,0.2632098743930199,0.04639911638759637,0.11656948896685436,0.8645524371474831,outputs/models/casas_hh101/seed_2026/lstm/baseline/best_lstm.pt,outputs/experiments/casas_hh101/seed_2026/lstm/ldp/retrain_attacker/parameter_scan/comparison_results.csv
casas_hh101,2026,mlp,fixed_attacker,ldp,,epsilon,0.1,,,,,,,0.44096427182788267,0.01702164427355597,0.4239426275543267,0.0065469487880524015,100.09262055140378,5.080196667455829,0.02216198165383393,outputs/models/casas_hh101/seed_2026/mlp/baseline/best_mlp.pt,outputs/experiments/casas_hh101/seed_2026/mlp/ldp/fixed_attacker/parameter_scan/comparison_results.csv
casas_hh101,2026,mlp,fixed_attacker,ldp,,epsilon,0.5,,,,,,,0.44096427182788267,0.020175400699874713,0.42078887112800795,0.0050057070133218765,4.06073482146049,1.0657673506956782,0.12576559912836982,outputs/models/casas_hh101/seed_2026/mlp/baseline/best_mlp.pt,outputs/experiments/casas_hh101/seed_2026/mlp/ldp/fixed_attacker/parameter_scan/comparison_results.csv
casas_hh101,2026,mlp,fixed_attacker,ldp,,epsilon,1.0,,,,,,,0.44096427182788267,0.06765455566596103,0.37330971616192166,0.019967560320874194,1.0441997554501992,0.5527789735311809,0.2691615838531791,outputs/models/casas_hh101/seed_2026/mlp/baseline/best_mlp.pt,outputs/experiments/casas_hh101/seed_2026/mlp/ldp/fixed_attacker/parameter_scan/comparison_results.csv
casas_hh101,2026,mlp,fixed_attacker,ldp,,epsilon,2.0,,,,,,,0.44096427182788267,0.06851859852248672,0.37244567330539596,0.021007808905912077,0.27478199892240973,0.28607393125839703,0.5263724566980368,outputs/models/casas_hh101/seed_2026/mlp/baseline/best_mlp.pt,outputs/experiments/casas_hh101/seed_2026/mlp/ldp/fixed_attacker/parameter_scan/comparison_results.csv
casas_hh101,2026,mlp,fixed_attacker,ldp,,epsilon,5.0,,,,,,,0.44096427182788267,0.05378666781872381,0.38717760400915885,0.01965362366727732,0.04639911638759637,0.11656948896685436,0.8645524371474831,outputs/models/casas_hh101/seed_2026/mlp/baseline/best_mlp.pt,outputs/experiments/casas_hh101/seed_2026/mlp/ldp/fixed_attacker/parameter_scan/comparison_results.csv
casas_hh101,2026,mlp,retrain_attacker,ldp,,epsilon,0.1,,,,,,,0.06488961852507884,0.06488961852507884,0.0,0.0035844432300081376,100.09262055140378,5.080196667455829,0.02216198165383393,outputs/models/casas_hh101/seed_2026/mlp/baseline/best_mlp.pt,outputs/experiments/casas_hh101/seed_2026/mlp/ldp/retrain_attacker/parameter_scan/comparison_results.csv
casas_hh101,2026,mlp,retrain_attacker,ldp,,epsilon,0.5,,,,,,,0.06488961852507884,0.06488961852507884,0.0,0.0035844432300081376,4.06073482146049,1.0657673506956782,0.12576559912836982,outputs/models/casas_hh101/seed_2026/mlp/baseline/best_mlp.pt,outputs/experiments/casas_hh101/seed_2026/mlp/ldp/retrain_attacker/parameter_scan/comparison_results.csv
casas_hh101,2026,mlp,retrain_attacker,ldp,,epsilon,1.0,,,,,,,0.4108955804207889,0.3520110597485635,0.05888452067222538,0.09471060725678526,1.0441997554501992,0.5527789735311809,0.2691615838531791,outputs/models/casas_hh101/seed_2026/mlp/baseline/best_mlp.pt,outputs/experiments/casas_hh101/seed_2026/mlp/ldp/retrain_attacker/parameter_scan/comparison_results.csv
casas_hh101,2026,mlp,retrain_attacker,ldp,,epsilon,2.0,,,,,,,0.4831727653691623,0.36773663973733095,0.11543612563183137,0.11730872748803166,0.27478199892240973,0.28607393125839703,0.5263724566980368,outputs/models/casas_hh101/seed_2026/mlp/baseline/best_mlp.pt,outputs/experiments/casas_hh101/seed_2026/mlp/ldp/retrain_attacker/parameter_scan/comparison_results.csv
casas_hh101,2026,mlp,retrain_attacker,ldp,,epsilon,5.0,,,,,,,0.42986132112152764,0.4016935239987903,0.028167797122737315,0.12690267313566142,0.04639911638759637,0.11656948896685436,0.8645524371474831,outputs/models/casas_hh101/seed_2026/mlp/baseline/best_mlp.pt,outputs/experiments/casas_hh101/seed_2026/mlp/ldp/retrain_attacker/parameter_scan/comparison_results.csv
kasteren,42,lstm,fixed_attacker,ldp,,epsilon,0.1,,,,,,,0.40932642487046633,0.010362694300518135,0.3989637305699482,0.013476180850347012,99.77044341191223,5.023279096234686,0.015615970373728397,outputs/models/kasteren/seed_42/lstm/baseline/best_lstm.pt,outputs/experiments/kasteren/seed_42/lstm/ldp/fixed_attacker/parameter_scan/comparison_results.csv
kasteren,42,lstm,fixed_attacker,ldp,,epsilon,0.5,,,,,,,0.40932642487046633,0.02072538860103627,0.38860103626943004,0.008461487820934826,4.015302398546965,1.0260024736617577,0.08884459069506238,outputs/models/kasteren/seed_42/lstm/baseline/best_lstm.pt,outputs/experiments/kasteren/seed_42/lstm/ldp/fixed_attacker/parameter_scan/comparison_results.csv
kasteren,42,lstm,fixed_attacker,ldp,,epsilon,1.0,,,,,,,0.40932642487046633,0.04145077720207254,0.3678756476683938,0.02354941976790716,1.0163629007672998,0.5215905695428109,0.19496031992101998,outputs/models/kasteren/seed_42/lstm/baseline/best_lstm.pt,outputs/experiments/kasteren/seed_42/lstm/ldp/fixed_attacker/parameter_scan/comparison_results.csv
kasteren,42,lstm,fixed_attacker,ldp,,epsilon,2.0,,,,,,,0.40932642487046633,0.07772020725388601,0.3316062176165803,0.04882231307256134,0.26003230346298056,0.2649887287854631,0.40909793684356066,outputs/models/kasteren/seed_42/lstm/baseline/best_lstm.pt,outputs/experiments/kasteren/seed_42/lstm/ldp/fixed_attacker/parameter_scan/comparison_results.csv
kasteren,42,lstm,fixed_attacker,ldp,,epsilon,5.0,,,,,,,0.40932642487046633,0.22279792746113988,0.18652849740932645,0.17255010065775883,0.042629884196748784,0.10690092820069179,0.7854737594823707,outputs/models/kasteren/seed_42/lstm/baseline/best_lstm.pt,outputs/experiments/kasteren/seed_42/lstm/ldp/fixed_attacker/parameter_scan/comparison_results.csv
kasteren,42,lstm,retrain_attacker,ldp,,epsilon,0.1,,,,,,,0.02072538860103627,0.02072538860103627,0.0,0.013437139561707036,99.77044341191223,5.023279096234686,0.015615970373728397,outputs/models/kasteren/seed_42/lstm/baseline/best_lstm.pt,outputs/experiments/kasteren/seed_42/lstm/ldp/retrain_attacker/parameter_scan/comparison_results.csv
kasteren,42,lstm,retrain_attacker,ldp,,epsilon,0.5,,,,,,,0.03626943005181347,0.010362694300518135,0.02590673575129533,0.0031397174254317113,4.015302398546965,1.0260024736617577,0.08884459069506238,outputs/models/kasteren/seed_42/lstm/baseline/best_lstm.pt,outputs/experiments/kasteren/seed_42/lstm/ldp/retrain_attacker/parameter_scan/comparison_results.csv
kasteren,42,lstm,retrain_attacker,ldp,,epsilon,1.0,,,,,,,0.015544041450777202,0.0051813471502590676,0.010362694300518133,0.010416666666666666,1.0163629007672998,0.5215905695428109,0.19496031992101998,outputs/models/kasteren/seed_42/lstm/baseline/best_lstm.pt,outputs/experiments/kasteren/seed_42/lstm/ldp/retrain_attacker/parameter_scan/comparison_results.csv
kasteren,42,lstm,retrain_attacker,ldp,,epsilon,2.0,,,,,,,0.09326424870466321,0.08808290155440414,0.005181347150259072,0.07035891946517567,0.26003230346298056,0.2649887287854631,0.40909793684356066,outputs/models/kasteren/seed_42/lstm/baseline/best_lstm.pt,outputs/experiments/kasteren/seed_42/lstm/ldp/retrain_attacker/parameter_scan/comparison_results.csv
kasteren,42,lstm,retrain_attacker,ldp,,epsilon,5.0,,,,,,,0.29015544041450775,0.24870466321243523,0.04145077720207252,0.16678300332146487,0.042629884196748784,0.10690092820069179,0.7854737594823707,outputs/models/kasteren/seed_42/lstm/baseline/best_lstm.pt,outputs/experiments/kasteren/seed_42/lstm/ldp/retrain_attacker/parameter_scan/comparison_results.csv
kasteren,42,mlp,fixed_attacker,ldp,,epsilon,0.1,,,,,,,0.21243523316062177,0.015544041450777202,0.19689119170984457,0.001702127659574468,99.77044341191223,5.023279096234686,0.015615970373728397,outputs/models/kasteren/seed_42/mlp/baseline/best_mlp.pt,outputs/experiments/kasteren/seed_42/mlp/ldp/fixed_attacker/parameter_scan/comparison_results.csv
kasteren,42,mlp,fixed_attacker,ldp,,epsilon,0.5,,,,,,,0.21243523316062177,0.0,0.21243523316062177,0.0,4.015302398546965,1.0260024736617577,0.08884459069506238,outputs/models/kasteren/seed_42/mlp/baseline/best_mlp.pt,outputs/experiments/kasteren/seed_42/mlp/ldp/fixed_attacker/parameter_scan/comparison_results.csv
kasteren,42,mlp,fixed_attacker,ldp,,epsilon,1.0,,,,,,,0.21243523316062177,0.0,0.21243523316062177,0.0,1.0163629007672998,0.5215905695428109,0.19496031992101998,outputs/models/kasteren/seed_42/mlp/baseline/best_mlp.pt,outputs/experiments/kasteren/seed_42/mlp/ldp/fixed_attacker/parameter_scan/comparison_results.csv
kasteren,42,mlp,fixed_attacker,ldp,,epsilon,2.0,,,,,,,0.21243523316062177,0.03626943005181347,0.1761658031088083,0.00352471884716648,0.26003230346298056,0.2649887287854631,0.40909793684356066,outputs/models/kasteren/seed_42/mlp/baseline/best_mlp.pt,outputs/experiments/kasteren/seed_42/mlp/ldp/fixed_attacker/parameter_scan/comparison_results.csv
kasteren,42,mlp,fixed_attacker,ldp,,epsilon,5.0,,,,,,,0.21243523316062177,0.04145077720207254,0.17098445595854922,0.0055007042770646,0.042629884196748784,0.10690092820069179,0.7854737594823707,outputs/models/kasteren/seed_42/mlp/baseline/best_mlp.pt,outputs/experiments/kasteren/seed_42/mlp/ldp/fixed_attacker/parameter_scan/comparison_results.csv
kasteren,42,mlp,retrain_attacker,ldp,,epsilon,0.1,,,,,,,0.02072538860103627,0.02072538860103627,0.0,0.0008828073273008165,99.77044341191223,5.023279096234686,0.015615970373728397,outputs/models/kasteren/seed_42/mlp/baseline/best_mlp.pt,outputs/experiments/kasteren/seed_42/mlp/ldp/retrain_attacker/parameter_scan/comparison_results.csv
kasteren,42,mlp,retrain_attacker,ldp,,epsilon,0.5,,,,,,,0.02072538860103627,0.02072538860103627,0.0,0.0008828073273008165,4.015302398546965,1.0260024736617577,0.08884459069506238,outputs/models/kasteren/seed_42/mlp/baseline/best_mlp.pt,outputs/experiments/kasteren/seed_42/mlp/ldp/retrain_attacker/parameter_scan/comparison_results.csv
kasteren,42,mlp,retrain_attacker,ldp,,epsilon,1.0,,,,,,,0.015544041450777202,0.02072538860103627,-0.005181347150259068,0.0016244624940277114,1.0163629007672998,0.5215905695428109,0.19496031992101998,outputs/models/kasteren/seed_42/mlp/baseline/best_mlp.pt,outputs/experiments/kasteren/seed_42/mlp/ldp/retrain_attacker/parameter_scan/comparison_results.csv
kasteren,42,mlp,retrain_attacker,ldp,,epsilon,2.0,,,,,,,0.02072538860103627,0.025906735751295335,-0.005181347150259065,0.004115152386428982,0.26003230346298056,0.2649887287854631,0.40909793684356066,outputs/models/kasteren/seed_42/mlp/baseline/best_mlp.pt,outputs/experiments/kasteren/seed_42/mlp/ldp/retrain_attacker/parameter_scan/comparison_results.csv
kasteren,42,mlp,retrain_attacker,ldp,,epsilon,5.0,,,,,,,0.031088082901554404,0.0051813471502590676,0.025906735751295335,0.0002603488674824265,0.042629884196748784,0.10690092820069179,0.7854737594823707,outputs/models/kasteren/seed_42/mlp/baseline/best_mlp.pt,outputs/experiments/kasteren/seed_42/mlp/ldp/retrain_attacker/parameter_scan/comparison_results.csv
kasteren,123,lstm,fixed_attacker,ldp,,epsilon,0.1,,,,,,,0.3626943005181347,0.0051813471502590676,0.35751295336787564,0.0004432624113475177,99.39097795746508,5.019170895881189,0.015334173712310106,outputs/models/kasteren/seed_123/lstm/baseline/best_lstm.pt,outputs/experiments/kasteren/seed_123/lstm/ldp/fixed_attacker/parameter_scan/comparison_results.csv
kasteren,123,lstm,fixed_attacker,ldp,,epsilon,0.5,,,,,,,0.3626943005181347,0.02072538860103627,0.34196891191709844,0.01583080040526849,3.999721637813946,1.0248489152968443,0.08942461908417856,outputs/models/kasteren/seed_123/lstm/baseline/best_lstm.pt,outputs/experiments/kasteren/seed_123/lstm/ldp/fixed_attacker/parameter_scan/comparison_results.csv
kasteren,123,lstm,fixed_attacker,ldp,,epsilon,1.0,,,,,,,0.3626943005181347,0.02072538860103627,0.34196891191709844,0.022679093567251462,1.0121388318546463,0.5207924264973716,0.1966522490560927,outputs/models/kasteren/seed_123/lstm/baseline/best_lstm.pt,outputs/experiments/kasteren/seed_123/lstm/ldp/fixed_attacker/parameter_scan/comparison_results.csv
kasteren,123,lstm,fixed_attacker,ldp,,epsilon,2.0,,,,,,,0.3626943005181347,0.046632124352331605,0.3160621761658031,0.03346065699006876,0.2589386820120355,0.26455459028458256,0.4111466238800058,outputs/models/kasteren/seed_123/lstm/baseline/best_lstm.pt,outputs/experiments/kasteren/seed_123/lstm/ldp/fixed_attacker/parameter_scan/comparison_results.csv
kasteren,123,lstm,fixed_attacker,ldp,,epsilon,5.0,,,,,,,0.3626943005181347,0.15544041450777202,0.2072538860103627,0.13699551454076342,0.042469110165120796,0.1067373028515194,0.7864678515804209,outputs/models/kasteren/seed_123/lstm/baseline/best_lstm.pt,outputs/experiments/kasteren/seed_123/lstm/ldp/fixed_attacker/parameter_scan/comparison_results.csv
kasteren,123,lstm,retrain_attacker,ldp,,epsilon,0.1,,,,,,,0.05181347150259067,0.031088082901554404,0.020725388601036267,0.014734475004324513,99.39097795746508,5.019170895881189,0.015334173712310106,outputs/models/kasteren/seed_123/lstm/baseline/best_lstm.pt,outputs/experiments/kasteren/seed_123/lstm/ldp/retrain_attacker/parameter_scan/comparison_results.csv
kasteren,123,lstm,retrain_attacker,ldp,,epsilon,0.5,,,,,,,0.10362694300518134,0.015544041450777202,0.08808290155440414,0.02132538408621876,3.999721637813946,1.0248489152968443,0.08942461908417856,outputs/models/kasteren/seed_123/lstm/baseline/best_lstm.pt,outputs/experiments/kasteren/seed_123/lstm/ldp/retrain_attacker/parameter_scan/comparison_results.csv
kasteren,123,lstm,retrain_attacker,ldp,,epsilon,1.0,,,,,,,0.09844559585492228,0.031088082901554404,0.06735751295336788,0.015353442513368983,1.0121388318546463,0.5207924264973716,0.1966522490560927,outputs/models/kasteren/seed_123/lstm/baseline/best_lstm.pt,outputs/experiments/kasteren/seed_123/lstm/ldp/retrain_attacker/parameter_scan/comparison_results.csv
kasteren,123,lstm,retrain_attacker,ldp,,epsilon,2.0,,,,,,,0.13989637305699482,0.08290155440414508,0.056994818652849735,0.04613561876719771,0.2589386820120355,0.26455459028458256,0.4111466238800058,outputs/models/kasteren/seed_123/lstm/baseline/best_lstm.pt,outputs/experiments/kasteren/seed_123/lstm/ldp/retrain_attacker/parameter_scan/comparison_results.csv
kasteren,123,lstm,retrain_attacker,ldp,,epsilon,5.0,,,,,,,0.20725388601036268,0.22279792746113988,-0.015544041450777202,0.17206130441424555,0.042469110165120796,0.1067373028515194,0.7864678515804209,outputs/models/kasteren/seed_123/lstm/baseline/best_lstm.pt,outputs/experiments/kasteren/seed_123/lstm/ldp/retrain_attacker/parameter_scan/comparison_results.csv
kasteren,123,mlp,fixed_attacker,ldp,,epsilon,0.1,,,,,,,0.17616580310880828,0.04145077720207254,0.13471502590673573,0.001976284584980237,99.39097795746508,5.019170895881189,0.015334173712310106,outputs/models/kasteren/seed_123/mlp/baseline/best_mlp.pt,outputs/experiments/kasteren/seed_123/mlp/ldp/fixed_attacker/parameter_scan/comparison_results.csv
kasteren,123,mlp,fixed_attacker,ldp,,epsilon,0.5,,,,,,,0.17616580310880828,0.015544041450777202,0.16062176165803108,0.0016250981256283482,3.999721637813946,1.0248489152968443,0.08942461908417856,outputs/models/kasteren/seed_123/mlp/baseline/best_mlp.pt,outputs/experiments/kasteren/seed_123/mlp/ldp/fixed_attacker/parameter_scan/comparison_results.csv
kasteren,123,mlp,fixed_attacker,ldp,,epsilon,1.0,,,,,,,0.17616580310880828,0.010362694300518135,0.16580310880829013,0.0010195118890771065,1.0121388318546463,0.5207924264973716,0.1966522490560927,outputs/models/kasteren/seed_123/mlp/baseline/best_mlp.pt,outputs/experiments/kasteren/seed_123/mlp/ldp/fixed_attacker/parameter_scan/comparison_results.csv
kasteren,123,mlp,fixed_attacker,ldp,,epsilon,2.0,,,,,,,0.17616580310880828,0.015544041450777202,0.16062176165803108,0.0018033220832506121,0.2589386820120355,0.26455459028458256,0.4111466238800058,outputs/models/kasteren/seed_123/mlp/baseline/best_mlp.pt,outputs/experiments/kasteren/seed_123/mlp/ldp/fixed_attacker/parameter_scan/comparison_results.csv
kasteren,123,mlp,fixed_attacker,ldp,,epsilon,5.0,,,,,,,0.17616580310880828,0.010362694300518135,0.16580310880829013,0.0011443628834933183,0.042469110165120796,0.1067373028515194,0.7864678515804209,outputs/models/kasteren/seed_123/mlp/baseline/best_mlp.pt,outputs/experiments/kasteren/seed_123/mlp/ldp/fixed_attacker/parameter_scan/comparison_results.csv
kasteren,123,mlp,retrain_attacker,ldp,,epsilon,0.1,,,,,,,0.0051813471502590676,0.0051813471502590676,0.0,0.00022411474675033616,99.39097795746508,5.019170895881189,0.015334173712310106,outputs/models/kasteren/seed_123/mlp/baseline/best_mlp.pt,outputs/experiments/kasteren/seed_123/mlp/ldp/retrain_attacker/parameter_scan/comparison_results.csv
kasteren,123,mlp,retrain_attacker,ldp,,epsilon,0.5,,,,,,,0.0051813471502590676,0.0051813471502590676,0.0,0.00022411474675033616,3.999721637813946,1.0248489152968443,0.08942461908417856,outputs/models/kasteren/seed_123/mlp/baseline/best_mlp.pt,outputs/experiments/kasteren/seed_123/mlp/ldp/retrain_attacker/parameter_scan/comparison_results.csv
kasteren,123,mlp,retrain_attacker,ldp,,epsilon,1.0,,,,,,,0.0051813471502590676,0.0051813471502590676,0.0,0.00022411474675033616,1.0121388318546463,0.5207924264973716,0.1966522490560927,outputs/models/kasteren/seed_123/mlp/baseline/best_mlp.pt,outputs/experiments/kasteren/seed_123/mlp/ldp/retrain_attacker/parameter_scan/comparison_results.csv
kasteren,123,mlp,retrain_attacker,ldp,,epsilon,2.0,,,,,,,0.0051813471502590676,0.02072538860103627,-0.015544041450777202,0.003349165753257825,0.2589386820120355,0.26455459028458256,0.4111466238800058,outputs/models/kasteren/seed_123/mlp/baseline/best_mlp.pt,outputs/experiments/kasteren/seed_123/mlp/ldp/retrain_attacker/parameter_scan/comparison_results.csv
kasteren,123,mlp,retrain_attacker,ldp,,epsilon,5.0,,,,,,,0.0051813471502590676,0.010362694300518135,-0.0051813471502590676,0.0011644774490624293,0.042469110165120796,0.1067373028515194,0.7864678515804209,outputs/models/kasteren/seed_123/mlp/baseline/best_mlp.pt,outputs/experiments/kasteren/seed_123/mlp/ldp/retrain_attacker/parameter_scan/comparison_results.csv
kasteren,2026,lstm,fixed_attacker,ldp,,epsilon,0.1,,,,,,,0.29015544041450775,0.010362694300518135,0.27979274611398963,0.004877369007803791,99.90142532780456,5.0169612882224826,0.0128960609805655,outputs/models/kasteren/seed_2026/lstm/baseline/best_lstm.pt,outputs/experiments/kasteren/seed_2026/lstm/ldp/fixed_attacker/parameter_scan/comparison_results.csv
kasteren,2026,lstm,fixed_attacker,ldp,,epsilon,0.5,,,,,,,0.29015544041450775,0.02072538860103627,0.26943005181347146,0.018674136321195144,4.020514085575144,1.0247252821706414,0.08612970514466045,outputs/models/kasteren/seed_2026/lstm/baseline/best_lstm.pt,outputs/experiments/kasteren/seed_2026/lstm/ldp/fixed_attacker/parameter_scan/comparison_results.csv
kasteren,2026,lstm,fixed_attacker,ldp,,epsilon,1.0,,,,,,,0.29015544041450775,0.031088082901554404,0.25906735751295334,0.025082899556583767,1.0175500854291812,0.5208793572052747,0.19259877927889263,outputs/models/kasteren/seed_2026/lstm/baseline/best_lstm.pt,outputs/experiments/kasteren/seed_2026/lstm/ldp/fixed_attacker/parameter_scan/comparison_results.csv
kasteren,2026,lstm,fixed_attacker,ldp,,epsilon,2.0,,,,,,,0.29015544041450775,0.05699481865284974,0.233160621761658,0.045339532262609186,0.26024514898736856,0.2645714500075812,0.4075426368090455,outputs/models/kasteren/seed_2026/lstm/baseline/best_lstm.pt,outputs/experiments/kasteren/seed_2026/lstm/ldp/fixed_attacker/parameter_scan/comparison_results.csv
kasteren,2026,lstm,fixed_attacker,ldp,,epsilon,5.0,,,,,,,0.29015544041450775,0.20207253886010362,0.08808290155440412,0.15420335069656338,0.04266704873772979,0.10673650496170507,0.7848756316861438,outputs/models/kasteren/seed_2026/lstm/baseline/best_lstm.pt,outputs/experiments/kasteren/seed_2026/lstm/ldp/fixed_attacker/parameter_scan/comparison_results.csv
kasteren,2026,lstm,retrain_attacker,ldp,,epsilon,0.1,,,,,,,0.015544041450777202,0.010362694300518135,0.005181347150259067,0.0021156909597769813,99.90142532780456,5.0169612882224826,0.0128960609805655,outputs/models/kasteren/seed_2026/lstm/baseline/best_lstm.pt,outputs/experiments/kasteren/seed_2026/lstm/ldp/retrain_attacker/parameter_scan/comparison_results.csv
kasteren,2026,lstm,retrain_attacker,ldp,,epsilon,0.5,,,,,,,0.010362694300518135,0.0051813471502590676,0.0051813471502590676,0.0005633802816901409,4.020514085575144,1.0247252821706414,0.08612970514466045,outputs/models/kasteren/seed_2026/lstm/baseline/best_lstm.pt,outputs/experiments/kasteren/seed_2026/lstm/ldp/retrain_attacker/parameter_scan/comparison_results.csv
kasteren,2026,lstm,retrain_attacker,ldp,,epsilon,1.0,,,,,,,0.08808290155440414,0.02072538860103627,0.06735751295336787,0.007213309566250743,1.0175500854291812,0.5208793572052747,0.19259877927889263,outputs/models/kasteren/seed_2026/lstm/baseline/best_lstm.pt,outputs/experiments/kasteren/seed_2026/lstm/ldp/retrain_attacker/parameter_scan/comparison_results.csv
kasteren,2026,lstm,retrain_attacker,ldp,,epsilon,2.0,,,,,,,0.08808290155440414,0.05181347150259067,0.03626943005181347,0.024442684190967946,0.26024514898736856,0.2645714500075812,0.4075426368090455,outputs/models/kasteren/seed_2026/lstm/baseline/best_lstm.pt,outputs/experiments/kasteren/seed_2026/lstm/ldp/retrain_attacker/parameter_scan/comparison_results.csv
kasteren,2026,lstm,retrain_attacker,ldp,,epsilon,5.0,,,,,,,0.18652849740932642,0.17098445595854922,0.015544041450777202,0.09614399010950735,0.04266704873772979,0.10673650496170507,0.7848756316861438,outputs/models/kasteren/seed_2026/lstm/baseline/best_lstm.pt,outputs/experiments/kasteren/seed_2026/lstm/ldp/retrain_attacker/parameter_scan/comparison_results.csv
kasteren,2026,mlp,fixed_attacker,ldp,,epsilon,0.1,,,,,,,0.15025906735751296,0.025906735751295335,0.12435233160621763,0.0010521885521885522,99.90142532780456,5.0169612882224826,0.0128960609805655,outputs/models/kasteren/seed_2026/mlp/baseline/best_mlp.pt,outputs/experiments/kasteren/seed_2026/mlp/ldp/fixed_attacker/parameter_scan/comparison_results.csv
kasteren,2026,mlp,fixed_attacker,ldp,,epsilon,0.5,,,,,,,0.15025906735751296,0.015544041450777202,0.13471502590673576,0.0009398496240601503,4.020514085575144,1.0247252821706414,0.08612970514466045,outputs/models/kasteren/seed_2026/mlp/baseline/best_mlp.pt,outputs/experiments/kasteren/seed_2026/mlp/ldp/fixed_attacker/parameter_scan/comparison_results.csv
kasteren,2026,mlp,fixed_attacker,ldp,,epsilon,1.0,,,,,,,0.15025906735751296,0.015544041450777202,0.13471502590673576,0.0037157287157287156,1.0175500854291812,0.5208793572052747,0.19259877927889263,outputs/models/kasteren/seed_2026/mlp/baseline/best_mlp.pt,outputs/experiments/kasteren/seed_2026/mlp/ldp/fixed_attacker/parameter_scan/comparison_results.csv
kasteren,2026,mlp,fixed_attacker,ldp,,epsilon,2.0,,,,,,,0.15025906735751296,0.046632124352331605,0.10362694300518135,0.012374951437451438,0.26024514898736856,0.2645714500075812,0.4075426368090455,outputs/models/kasteren/seed_2026/mlp/baseline/best_mlp.pt,outputs/experiments/kasteren/seed_2026/mlp/ldp/fixed_attacker/parameter_scan/comparison_results.csv
kasteren,2026,mlp,fixed_attacker,ldp,,epsilon,5.0,,,,,,,0.15025906735751296,0.05699481865284974,0.09326424870466321,0.009518890200708383,0.04266704873772979,0.10673650496170507,0.7848756316861438,outputs/models/kasteren/seed_2026/mlp/baseline/best_mlp.pt,outputs/experiments/kasteren/seed_2026/mlp/ldp/fixed_attacker/parameter_scan/comparison_results.csv
kasteren,2026,mlp,retrain_attacker,ldp,,epsilon,0.1,,,,,,,0.04145077720207254,0.04145077720207254,0.0,0.001658374792703151,99.90142532780456,5.0169612882224826,0.0128960609805655,outputs/models/kasteren/seed_2026/mlp/baseline/best_mlp.pt,outputs/experiments/kasteren/seed_2026/mlp/ldp/retrain_attacker/parameter_scan/comparison_results.csv
kasteren,2026,mlp,retrain_attacker,ldp,,epsilon,0.5,,,,,,,0.04145077720207254,0.04145077720207254,0.0,0.001658374792703151,4.020514085575144,1.0247252821706414,0.08612970514466045,outputs/models/kasteren/seed_2026/mlp/baseline/best_mlp.pt,outputs/experiments/kasteren/seed_2026/mlp/ldp/retrain_attacker/parameter_scan/comparison_results.csv
kasteren,2026,mlp,retrain_attacker,ldp,,epsilon,1.0,,,,,,,0.03626943005181347,0.06217616580310881,-0.02590673575129534,0.0024390243902439024,1.0175500854291812,0.5208793572052747,0.19259877927889263,outputs/models/kasteren/seed_2026/mlp/baseline/best_mlp.pt,outputs/experiments/kasteren/seed_2026/mlp/ldp/retrain_attacker/parameter_scan/comparison_results.csv
kasteren,2026,mlp,retrain_attacker,ldp,,epsilon,2.0,,,,,,,0.0051813471502590676,0.025906735751295335,-0.020725388601036267,0.0022213662044170517,0.26024514898736856,0.2645714500075812,0.4075426368090455,outputs/models/kasteren/seed_2026/mlp/baseline/best_mlp.pt,outputs/experiments/kasteren/seed_2026/mlp/ldp/retrain_attacker/parameter_scan/comparison_results.csv
kasteren,2026,mlp,retrain_attacker,ldp,,epsilon,5.0,,,,,,,0.031088082901554404,0.0,0.031088082901554404,0.0,0.04266704873772979,0.10673650496170507,0.7848756316861438,outputs/models/kasteren/seed_2026/mlp/baseline/best_mlp.pt,outputs/experiments/kasteren/seed_2026/mlp/ldp/retrain_attacker/parameter_scan/comparison_results.csv
uci_har,42,lstm,fixed_attacker,ldp,,epsilon,0.1,,,,,,,0.836443841194435,0.1845945028842891,0.6518493383101459,0.06426700228407602,100.15289709299083,5.1190681132842775,0.02342925797630614,outputs/models/uci_har/seed_42/lstm/baseline/best_lstm.pt,outputs/experiments/uci_har/seed_42/lstm/ldp/fixed_attacker/parameter_scan/comparison_results.csv
uci_har,42,lstm,fixed_attacker,ldp,,epsilon,0.5,,,,,,,0.836443841194435,0.18221920597217509,0.6542246352222599,0.051407237219988515,4.072931831182229,1.1100004460157247,0.12618895914944497,outputs/models/uci_har/seed_42/lstm/baseline/best_lstm.pt,outputs/experiments/uci_har/seed_42/lstm/ldp/fixed_attacker/parameter_scan/comparison_results.csv
uci_har,42,lstm,fixed_attacker,ldp,,epsilon,1.0,,,,,,,0.836443841194435,0.18221920597217509,0.6542246352222599,0.051451566542109806,1.0605381086205128,0.6019449754957229,0.2601775961557201,outputs/models/uci_har/seed_42/lstm/baseline/best_lstm.pt,outputs/experiments/uci_har/seed_42/lstm/ldp/fixed_attacker/parameter_scan/comparison_results.csv
uci_har,42,lstm,fixed_attacker,ldp,,epsilon,2.0,,,,,,,0.836443841194435,0.19307770614183917,0.6433661350525959,0.07335547758026323,0.29803709745246076,0.3416891831290887,0.4919474561337335,outputs/models/uci_har/seed_42/lstm/baseline/best_lstm.pt,outputs/experiments/uci_har/seed_42/lstm/ldp/fixed_attacker/parameter_scan/comparison_results.csv
uci_har,42,lstm,fixed_attacker,ldp,,epsilon,5.0,,,,,,,0.836443841194435,0.31761112996267393,0.5188327112317611,0.252286254695109,0.07669296580662249,0.17977954512039898,0.7956465516589725,outputs/models/uci_har/seed_42/lstm/baseline/best_lstm.pt,outputs/experiments/uci_har/seed_42/lstm/ldp/fixed_attacker/parameter_scan/comparison_results.csv
uci_har,42,lstm,retrain_attacker,ldp,,epsilon,0.1,,,,,,,0.328469630132338,0.23956565999321344,0.08890397013912454,0.1745126150888812,100.15289709299083,5.1190681132842775,0.02342925797630614,outputs/models/uci_har/seed_42/lstm/baseline/best_lstm.pt,outputs/experiments/uci_har/seed_42/lstm/ldp/retrain_attacker/parameter_scan/comparison_results.csv
uci_har,42,lstm,retrain_attacker,ldp,,epsilon,0.5,,,,,,,0.31862911435357993,0.3193077706141839,-0.0006786562606039825,0.20167846917754506,4.072931831182229,1.1100004460157247,0.12618895914944497,outputs/models/uci_har/seed_42/lstm/baseline/best_lstm.pt,outputs/experiments/uci_har/seed_42/lstm/ldp/retrain_attacker/parameter_scan/comparison_results.csv
uci_har,42,lstm,retrain_attacker,ldp,,epsilon,1.0,,,,,,,0.39056667797760436,0.3742789277231082,0.016287750254496136,0.2827041048279435,1.0605381086205128,0.6019449754957229,0.2601775961557201,outputs/models/uci_har/seed_42/lstm/baseline/best_lstm.pt,outputs/experiments/uci_har/seed_42/lstm/ldp/retrain_attacker/parameter_scan/comparison_results.csv
uci_har,42,lstm,retrain_attacker,ldp,,epsilon,2.0,,,,,,,0.44451985069562266,0.5195113674923652,-0.07499151679674249,0.47010925034343193,0.29803709745246076,0.3416891831290887,0.4919474561337335,outputs/models/uci_har/seed_42/lstm/baseline/best_lstm.pt,outputs/experiments/uci_har/seed_42/lstm/ldp/retrain_attacker/parameter_scan/comparison_results.csv
uci_har,42,lstm,retrain_attacker,ldp,,epsilon,5.0,,,,,,,0.4842212419409569,0.5975568374618256,-0.11333559552086875,0.5378686217849225,0.07669296580662249,0.17977954512039898,0.7956465516589725,outputs/models/uci_har/seed_42/lstm/baseline/best_lstm.pt,outputs/experiments/uci_har/seed_42/lstm/ldp/retrain_attacker/parameter_scan/comparison_results.csv
uci_har,42,mlp,fixed_attacker,ldp,,epsilon,0.1,,,,,,,0.7974211062097047,0.166610111978283,0.6308109942314217,0.047605196819856505,100.15289709299083,5.1190681132842775,0.02342925797630614,outputs/models/uci_har/seed_42/mlp/baseline/best_mlp.pt,outputs/experiments/uci_har/seed_42/mlp/ldp/fixed_attacker/parameter_scan/comparison_results.csv
uci_har,42,mlp,fixed_attacker,ldp,,epsilon,0.5,,,,,,,0.7974211062097047,0.166610111978283,0.6308109942314217,0.047605196819856505,4.072931831182229,1.1100004460157247,0.12618895914944497,outputs/models/uci_har/seed_42/mlp/baseline/best_mlp.pt,outputs/experiments/uci_har/seed_42/mlp/ldp/fixed_attacker/parameter_scan/comparison_results.csv
uci_har,42,mlp,fixed_attacker,ldp,,epsilon,1.0,,,,,,,0.7974211062097047,0.167288768238887,0.6301323379708177,0.05171504034533513,1.0605381086205128,0.6019449754957229,0.2601775961557201,outputs/models/uci_har/seed_42/mlp/baseline/best_mlp.pt,outputs/experiments/uci_har/seed_42/mlp/ldp/fixed_attacker/parameter_scan/comparison_results.csv
uci_har,42,mlp,fixed_attacker,ldp,,epsilon,2.0,,,,,,,0.7974211062097047,0.24703087885985747,0.5503902273498473,0.17500702353115385,0.29803709745246076,0.3416891831290887,0.4919474561337335,outputs/models/uci_har/seed_42/mlp/baseline/best_mlp.pt,outputs/experiments/uci_har/seed_42/mlp/ldp/fixed_attacker/parameter_scan/comparison_results.csv
uci_har,42,mlp,fixed_attacker,ldp,,epsilon,5.0,,,,,,,0.7974211062097047,0.31252120800814387,0.4848998982015609,0.23275030701497215,0.07669296580662249,0.17977954512039898,0.7956465516589725,outputs/models/uci_har/seed_42/mlp/baseline/best_mlp.pt,outputs/experiments/uci_har/seed_42/mlp/ldp/fixed_attacker/parameter_scan/comparison_results.csv
uci_har,42,mlp,retrain_attacker,ldp,,epsilon,0.1,,,,,,,0.14251781472684086,0.18221920597217509,-0.03970139124533423,0.05137772675086108,100.15289709299083,5.1190681132842775,0.02342925797630614,outputs/models/uci_har/seed_42/mlp/baseline/best_mlp.pt,outputs/experiments/uci_har/seed_42/mlp/ldp/retrain_attacker/parameter_scan/comparison_results.csv
uci_har,42,mlp,retrain_attacker,ldp,,epsilon,0.5,,,,,,,0.15846623685103495,0.18221920597217509,-0.02375296912114014,0.05137772675086108,4.072931831182229,1.1100004460157247,0.12618895914944497,outputs/models/uci_har/seed_42/mlp/baseline/best_mlp.pt,outputs/experiments/uci_har/seed_42/mlp/ldp/retrain_attacker/parameter_scan/comparison_results.csv
uci_har,42,mlp,retrain_attacker,ldp,,epsilon,1.0,,,,,,,0.3233797081778079,0.5870376654224635,-0.26365795724465557,0.5685572213231781,1.0605381086205128,0.6019449754957229,0.2601775961557201,outputs/models/uci_har/seed_42/mlp/baseline/best_mlp.pt,outputs/experiments/uci_har/seed_42/mlp/ldp/retrain_attacker/parameter_scan/comparison_results.csv
uci_har,42,mlp,retrain_attacker,ldp,,epsilon,2.0,,,,,,,0.29453681710213775,0.7074991516796743,-0.4129623345775365,0.6950510492963251,0.29803709745246076,0.3416891831290887,0.4919474561337335,outputs/models/uci_har/seed_42/mlp/baseline/best_mlp.pt,outputs/experiments/uci_har/seed_42/mlp/ldp/retrain_attacker/parameter_scan/comparison_results.csv
uci_har,42,mlp,retrain_attacker,ldp,,epsilon,5.0,,,,,,,0.3481506616898541,0.7862232779097387,-0.4380726162198846,0.7781152227183191,0.07669296580662249,0.17977954512039898,0.7956465516589725,outputs/models/uci_har/seed_42/mlp/baseline/best_mlp.pt,outputs/experiments/uci_har/seed_42/mlp/ldp/retrain_attacker/parameter_scan/comparison_results.csv
uci_har,123,lstm,fixed_attacker,ldp,,epsilon,0.1,,,,,,,0.668815744825246,0.16762809636918902,0.5011876484560569,0.09352892099600664,100.05578153512702,5.116926924342941,0.02409964150821798,outputs/models/uci_har/seed_123/lstm/baseline/best_lstm.pt,outputs/experiments/uci_har/seed_123/lstm/ldp/fixed_attacker/parameter_scan/comparison_results.csv
uci_har,123,lstm,fixed_attacker,ldp,,epsilon,0.5,,,,,,,0.668815744825246,0.16287750254496097,0.5059382422802849,0.09848645511452703,4.069050822083945,1.109550874994911,0.12688074037664107,outputs/models/uci_har/seed_123/lstm/baseline/best_lstm.pt,outputs/experiments/uci_har/seed_123/lstm/ldp/fixed_attacker/parameter_scan/comparison_results.csv
uci_har,123,lstm,fixed_attacker,ldp,,epsilon,1.0,,,,,,,0.668815744825246,0.1808618934509671,0.4879538513742789,0.12400064473824403,1.0596049569989907,0.6017431239198214,0.2607824715201451,outputs/models/uci_har/seed_123/lstm/baseline/best_lstm.pt,outputs/experiments/uci_har/seed_123/lstm/ldp/fixed_attacker/parameter_scan/comparison_results.csv
uci_har,123,lstm,fixed_attacker,ldp,,epsilon,2.0,,,,,,,0.668815744825246,0.333220223956566,0.33559552086868,0.31013447428596297,0.2978591744828931,0.3416347418869942,0.49226784657909506,outputs/models/uci_har/seed_123/lstm/baseline/best_lstm.pt,outputs/experiments/uci_har/seed_123/lstm/ldp/fixed_attacker/parameter_scan/comparison_results.csv
uci_har,123,lstm,fixed_attacker,ldp,,epsilon,5.0,,,,,,,0.668815744825246,0.4801493043773329,0.1886664404479131,0.413911335285373,0.07667883533290126,0.1797761746523952,0.7956866681203327,outputs/models/uci_har/seed_123/lstm/baseline/best_lstm.pt,outputs/experiments/uci_har/seed_123/lstm/ldp/fixed_attacker/parameter_scan/comparison_results.csv
uci_har,123,lstm,retrain_attacker,ldp,,epsilon,0.1,,,,,,,0.3959959280624364,0.24363759755683745,0.15235833050559894,0.20534144909926152,100.05578153512702,5.116926924342941,0.02409964150821798,outputs/models/uci_har/seed_123/lstm/baseline/best_lstm.pt,outputs/experiments/uci_har/seed_123/lstm/ldp/retrain_attacker/parameter_scan/comparison_results.csv
uci_har,123,lstm,retrain_attacker,ldp,,epsilon,0.5,,,,,,,0.3481506616898541,0.3576518493383101,-0.009501187648456033,0.24441214262177866,4.069050822083945,1.109550874994911,0.12688074037664107,outputs/models/uci_har/seed_123/lstm/baseline/best_lstm.pt,outputs/experiments/uci_har/seed_123/lstm/ldp/retrain_attacker/parameter_scan/comparison_results.csv
uci_har,123,lstm,retrain_attacker,ldp,,epsilon,1.0,,,,,,,0.34441805225653205,0.3488293179504581,-0.004411265693926025,0.24506487610732094,1.0596049569989907,0.6017431239198214,0.2607824715201451,outputs/models/uci_har/seed_123/lstm/baseline/best_lstm.pt,outputs/experiments/uci_har/seed_123/lstm/ldp/retrain_attacker/parameter_scan/comparison_results.csv
uci_har,123,lstm,retrain_attacker,ldp,,epsilon,2.0,,,,,,,0.46012894468951476,0.4815066168985409,-0.021377672209026144,0.40931126819442687,0.2978591744828931,0.3416347418869942,0.49226784657909506,outputs/models/uci_har/seed_123/lstm/baseline/best_lstm.pt,outputs/experiments/uci_har/seed_123/lstm/ldp/retrain_attacker/parameter_scan/comparison_results.csv
uci_har,123,lstm,retrain_attacker,ldp,,epsilon,5.0,,,,,,,0.43942992874109266,0.5653206650831354,-0.12589073634204273,0.46280908833321055,0.07667883533290126,0.1797761746523952,0.7956866681203327,outputs/models/uci_har/seed_123/lstm/baseline/best_lstm.pt,outputs/experiments/uci_har/seed_123/lstm/ldp/retrain_attacker/parameter_scan/comparison_results.csv
uci_har,123,mlp,fixed_attacker,ldp,,epsilon,0.1,,,,,,,0.8157448252460129,0.166610111978283,0.6491347132677299,0.047605196819856505,100.05578153512702,5.116926924342941,0.02409964150821798,outputs/models/uci_har/seed_123/mlp/baseline/best_mlp.pt,outputs/experiments/uci_har/seed_123/mlp/ldp/fixed_attacker/parameter_scan/comparison_results.csv
uci_har,123,mlp,fixed_attacker,ldp,,epsilon,0.5,,,,,,,0.8157448252460129,0.166610111978283,0.6491347132677299,0.047605196819856505,4.069050822083945,1.109550874994911,0.12688074037664107,outputs/models/uci_har/seed_123/mlp/baseline/best_mlp.pt,outputs/experiments/uci_har/seed_123/mlp/ldp/fixed_attacker/parameter_scan/comparison_results.csv
uci_har,123,mlp,fixed_attacker,ldp,,epsilon,1.0,,,,,,,0.8157448252460129,0.166610111978283,0.6491347132677299,0.047632906480403574,1.0596049569989907,0.6017431239198214,0.2607824715201451,outputs/models/uci_har/seed_123/mlp/baseline/best_mlp.pt,outputs/experiments/uci_har/seed_123/mlp/ldp/fixed_attacker/parameter_scan/comparison_results.csv
uci_har,123,mlp,fixed_attacker,ldp,,epsilon,2.0,,,,,,,0.8157448252460129,0.22565320665083136,0.5900916185951816,0.14921325612219477,0.2978591744828931,0.3416347418869942,0.49226784657909506,outputs/models/uci_har/seed_123/mlp/baseline/best_mlp.pt,outputs/experiments/uci_har/seed_123/mlp/ldp/fixed_attacker/parameter_scan/comparison_results.csv
uci_har,123,mlp,fixed_attacker,ldp,,epsilon,5.0,,,,,,,0.8157448252460129,0.33525619273837803,0.48048863250763485,0.2555795347853418,0.07667883533290126,0.1797761746523952,0.7956866681203327,outputs/models/uci_har/seed_123/mlp/baseline/best_mlp.pt,outputs/experiments/uci_har/seed_123/mlp/ldp/fixed_attacker/parameter_scan/comparison_results.csv
uci_har,123,mlp,retrain_attacker,ldp,,epsilon,0.1,,,,,,,0.17848659653885307,0.166610111978283,0.011876484560570083,0.047605196819856505,100.05578153512702,5.116926924342941,0.02409964150821798,outputs/models/uci_har/seed_123/mlp/baseline/best_mlp.pt,outputs/experiments/uci_har/seed_123/mlp/ldp/retrain_attacker/parameter_scan/comparison_results.csv
uci_har,123,mlp,retrain_attacker,ldp,,epsilon,0.5,,,,,,,0.18052256532066507,0.18052256532066507,0.0,0.05097250167672703,4.069050822083945,1.109550874994911,0.12688074037664107,outputs/models/uci_har/seed_123/mlp/baseline/best_mlp.pt,outputs/experiments/uci_har/seed_123/mlp/ldp/retrain_attacker/parameter_scan/comparison_results.csv
uci_har,123,mlp,retrain_attacker,ldp,,epsilon,1.0,,,,,,,0.33525619273837803,0.5836443841194435,-0.2483881913810655,0.5761759148336169,1.0596049569989907,0.6017431239198214,0.2607824715201451,outputs/models/uci_har/seed_123/mlp/baseline/best_mlp.pt,outputs/experiments/uci_har/seed_123/mlp/ldp/retrain_attacker/parameter_scan/comparison_results.csv
uci_har,123,mlp,retrain_attacker,ldp,,epsilon,2.0,,,,,,,0.333559552086868,0.7285374957583983,-0.39497794367153033,0.7175747318932895,0.2978591744828931,0.3416347418869942,0.49226784657909506,outputs/models/uci_har/seed_123/mlp/baseline/best_mlp.pt,outputs/experiments/uci_har/seed_123/mlp/ldp/retrain_attacker/parameter_scan/comparison_results.csv
uci_har,123,mlp,retrain_attacker,ldp,,epsilon,5.0,,,,,,,0.3023413640990838,0.7899558873430608,-0.48761452324397697,0.7830198709623383,0.07667883533290126,0.1797761746523952,0.7956866681203327,outputs/models/uci_har/seed_123/mlp/baseline/best_mlp.pt,outputs/experiments/uci_har/seed_123/mlp/ldp/retrain_attacker/parameter_scan/comparison_results.csv
uci_har,2026,lstm,fixed_attacker,ldp,,epsilon,0.1,,,,,,,0.5894129623345775,0.15880556498133697,0.43060739735324055,0.07066951647862812,100.10362412853478,5.11789715343562,0.023752782427496916,outputs/models/uci_har/seed_2026/lstm/baseline/best_lstm.pt,outputs/experiments/uci_har/seed_2026/lstm/ldp/fixed_attacker/parameter_scan/comparison_results.csv
uci_har,2026,lstm,fixed_attacker,ldp,,epsilon,0.5,,,,,,,0.5894129623345775,0.17339667458432304,0.41601628775025445,0.11453858961969908,4.070907778236351,1.1097184631179762,0.1265828717931438,outputs/models/uci_har/seed_2026/lstm/baseline/best_lstm.pt,outputs/experiments/uci_har/seed_2026/lstm/ldp/fixed_attacker/parameter_scan/comparison_results.csv
uci_har,2026,lstm,fixed_attacker,ldp,,epsilon,1.0,,,,,,,0.5894129623345775,0.22768917543264336,0.3617237869019342,0.16291411358814148,1.0600398167787861,0.6018105147267301,0.2605436475570403,outputs/models/uci_har/seed_2026/lstm/baseline/best_lstm.pt,outputs/experiments/uci_har/seed_2026/lstm/ldp/fixed_attacker/parameter_scan/comparison_results.csv
uci_har,2026,lstm,fixed_attacker,ldp,,epsilon,2.0,,,,,,,0.5894129623345775,0.46012894468951476,0.12928401764506275,0.39352217307773474,0.2979389954662075,0.34164034372291896,0.49216983265738057,outputs/models/uci_har/seed_2026/lstm/baseline/best_lstm.pt,outputs/experiments/uci_har/seed_2026/lstm/ldp/fixed_attacker/parameter_scan/comparison_results.csv
uci_har,2026,lstm,fixed_attacker,ldp,,epsilon,5.0,,,,,,,0.5894129623345775,0.5419070240922973,0.04750593824228022,0.4470135306307344,0.07669654515181805,0.17977569227294002,0.7956295088218572,outputs/models/uci_har/seed_2026/lstm/baseline/best_lstm.pt,outputs/experiments/uci_har/seed_2026/lstm/ldp/fixed_attacker/parameter_scan/comparison_results.csv
uci_har,2026,lstm,retrain_attacker,ldp,,epsilon,0.1,,,,,,,0.3233797081778079,0.2314217848659654,0.09195792331184252,0.1316982601507983,100.10362412853478,5.11789715343562,0.023752782427496916,outputs/models/uci_har/seed_2026/lstm/baseline/best_lstm.pt,outputs/experiments/uci_har/seed_2026/lstm/ldp/retrain_attacker/parameter_scan/comparison_results.csv
uci_har,2026,lstm,retrain_attacker,ldp,,epsilon,0.5,,,,,,,0.3481506616898541,0.2972514421445538,0.0508992195453003,0.18350346734767306,4.070907778236351,1.1097184631179762,0.1265828717931438,outputs/models/uci_har/seed_2026/lstm/baseline/best_lstm.pt,outputs/experiments/uci_har/seed_2026/lstm/ldp/retrain_attacker/parameter_scan/comparison_results.csv
uci_har,2026,lstm,retrain_attacker,ldp,,epsilon,1.0,,,,,,,0.44418052256532065,0.3637597556837462,0.08042076688157446,0.2635002820370183,1.0600398167787861,0.6018105147267301,0.2605436475570403,outputs/models/uci_har/seed_2026/lstm/baseline/best_lstm.pt,outputs/experiments/uci_har/seed_2026/lstm/ldp/retrain_attacker/parameter_scan/comparison_results.csv
uci_har,2026,lstm,retrain_attacker,ldp,,epsilon,2.0,,,,,,,0.3430607397353241,0.3959959280624364,-0.052935188327112304,0.3372515830140331,0.2979389954662075,0.34164034372291896,0.49216983265738057,outputs/models/uci_har/seed_2026/lstm/baseline/best_lstm.pt,outputs/experiments/uci_har/seed_2026/lstm/ldp/retrain_attacker/parameter_scan/comparison_results.csv
uci_har,2026,lstm,retrain_attacker,ldp,,epsilon,5.0,,,,,,,0.500508992195453,0.49949100780454697,0.0010179843909060016,0.3811408423084138,0.07669654515181805,0.17977569227294002,0.7956295088218572,outputs/models/uci_har/seed_2026/lstm/baseline/best_lstm.pt,outputs/experiments/uci_har/seed_2026/lstm/ldp/retrain_attacker/parameter_scan/comparison_results.csv
uci_har,2026,mlp,fixed_attacker,ldp,,epsilon,0.1,,,,,,,0.8052256532066508,0.166610111978283,0.6386155412283678,0.047605196819856505,100.10362412853478,5.11789715343562,0.023752782427496916,outputs/models/uci_har/seed_2026/mlp/baseline/best_mlp.pt,outputs/experiments/uci_har/seed_2026/mlp/ldp/fixed_attacker/parameter_scan/comparison_results.csv
uci_har,2026,mlp,fixed_attacker,ldp,,epsilon,0.5,,,,,,,0.8052256532066508,0.166610111978283,0.6386155412283678,0.047605196819856505,4.070907778236351,1.1097184631179762,0.1265828717931438,outputs/models/uci_har/seed_2026/mlp/baseline/best_mlp.pt,outputs/experiments/uci_har/seed_2026/mlp/ldp/fixed_attacker/parameter_scan/comparison_results.csv
uci_har,2026,mlp,fixed_attacker,ldp,,epsilon,1.0,,,,,,,0.8052256532066508,0.166610111978283,0.6386155412283678,0.047605196819856505,1.0600398167787861,0.6018105147267301,0.2605436475570403,outputs/models/uci_har/seed_2026/mlp/baseline/best_mlp.pt,outputs/experiments/uci_har/seed_2026/mlp/ldp/fixed_attacker/parameter_scan/comparison_results.csv
uci_har,2026,mlp,fixed_attacker,ldp,,epsilon,2.0,,,,,,,0.8052256532066508,0.17034272141160503,0.6348829317950458,0.05444899776144358,0.2979389954662075,0.34164034372291896,0.49216983265738057,outputs/models/uci_har/seed_2026/mlp/baseline/best_mlp.pt,outputs/experiments/uci_har/seed_2026/mlp/ldp/fixed_attacker/parameter_scan/comparison_results.csv
uci_har,2026,mlp,fixed_attacker,ldp,,epsilon,5.0,,,,,,,0.8052256532066508,0.28639294197488974,0.5188327112317611,0.18526214193360405,0.07669654515181805,0.17977569227294002,0.7956295088218572,outputs/models/uci_har/seed_2026/mlp/baseline/best_mlp.pt,outputs/experiments/uci_har/seed_2026/mlp/ldp/fixed_attacker/parameter_scan/comparison_results.csv
uci_har,2026,mlp,retrain_attacker,ldp,,epsilon,0.1,,,,,,,0.15201900237529692,0.18221920597217509,-0.030200203596878167,0.05137772675086108,100.10362412853478,5.11789715343562,0.023752782427496916,outputs/models/uci_har/seed_2026/mlp/baseline/best_mlp.pt,outputs/experiments/uci_har/seed_2026/mlp/ldp/retrain_attacker/parameter_scan/comparison_results.csv
uci_har,2026,mlp,retrain_attacker,ldp,,epsilon,0.5,,,,,,,0.1493043773328809,0.18221920597217509,-0.03291482863929418,0.05137772675086108,4.070907778236351,1.1097184631179762,0.1265828717931438,outputs/models/uci_har/seed_2026/mlp/baseline/best_mlp.pt,outputs/experiments/uci_har/seed_2026/mlp/ldp/retrain_attacker/parameter_scan/comparison_results.csv
uci_har,2026,mlp,retrain_attacker,ldp,,epsilon,1.0,,,,,,,0.329487614523244,0.5748218527315915,-0.2453342382083475,0.5695232395669679,1.0600398167787861,0.6018105147267301,0.2605436475570403,outputs/models/uci_har/seed_2026/mlp/baseline/best_mlp.pt,outputs/experiments/uci_har/seed_2026/mlp/ldp/retrain_attacker/parameter_scan/comparison_results.csv
uci_har,2026,mlp,retrain_attacker,ldp,,epsilon,2.0,,,,,,,0.3145571767899559,0.7058025110281643,-0.3912453342382084,0.693353608882464,0.2979389954662075,0.34164034372291896,0.49216983265738057,outputs/models/uci_har/seed_2026/mlp/baseline/best_mlp.pt,outputs/experiments/uci_har/seed_2026/mlp/ldp/retrain_attacker/parameter_scan/comparison_results.csv
uci_har,2026,mlp,retrain_attacker,ldp,,epsilon,5.0,,,,,,,0.3545978961655921,0.7852052935188327,-0.4306073973532406,0.7773698343779412,0.07669654515181805,0.17977569227294002,0.7956295088218572,outputs/models/uci_har/seed_2026/mlp/baseline/best_mlp.pt,outputs/experiments/uci_har/seed_2026/mlp/ldp/retrain_attacker/parameter_scan/comparison_results.csv
