accuracy_drop,baseline_acc,baseline_f1_macro,byte_count_mean,byte_overhead_ratio,correlation_drop,dataset,defended_acc,defended_f1_macro,delay_proxy_available,dummy_byte_count_mean,dummy_packet_count_mean,dummy_packet_ratio,energy_metric_available,energy_mj_mean,energy_overhead_ratio,f1_macro,input_shape,is_hardware_measurement,mae,mean_delay_ms,mean_iat_ms,method,metric_type,mode,model_type,mse,num_classes,p95_delay_ms,p95_iat_ms,packet_overhead_ratio,pearson_r,pkt_count_mean,real_byte_count_mean,real_packet_count_mean,relative_accuracy_drop_percent,section,seed,source_files,source_log_files,test_size,traffic_activity_correlation_after,traffic_activity_correlation_before,train_size,val_size
-0.1158940397350993,0.3576158940397351,0.2137541103397881,,,,mock,0.4735099337748344,0.3163631115881753,,,,,,,,,,,0.390278604132773,,,adaptive_ldp,,fixed_attacker,lstm,0.8957119544972894,,,,,0.1470464156700809,,,,-32.407407407407405,mock,42,outputs/experiments/mock/seed_42/lstm/baseline/baseline_confusion.json;outputs/experiments/mock/seed_42/lstm/adaptive_ldp/fixed_attacker/confusion.json;outputs/experiments/mock/seed_42/lstm/adaptive_ldp/fixed_attacker/defense_report.json,,,,,,
-0.1026490066225165,0.3576158940397351,0.2137541103397881,,,,mock,0.4602649006622517,0.3942238551077461,,,,,,,,,,,0.390278604132773,,,adaptive_ldp,,retrain_attacker,lstm,0.8957119544972894,,,,,0.1470464156700809,,,,-28.70370370370371,mock,42,outputs/experiments/mock/seed_42/lstm/baseline/baseline_confusion.json;outputs/experiments/mock/seed_42/lstm/adaptive_ldp/retrain_attacker/confusion.json;outputs/experiments/mock/seed_42/lstm/adaptive_ldp/retrain_attacker/defense_report.json,,,,,,
0.021523178807947,0.3576158940397351,0.2137541103397881,,,,mock,0.3360927152317881,0.1916599252413456,,,,,,,,,,,0.5168689694140145,,,ldp,,fixed_attacker,lstm,1.005837171601942,,,,,0.108581906577775,,,,6.018518518518518,mock,42,outputs/experiments/mock/seed_42/lstm/baseline/baseline_confusion.json;outputs/experiments/mock/seed_42/lstm/ldp/fixed_attacker/confusion.json;outputs/experiments/mock/seed_42/lstm/ldp/fixed_attacker/defense_report.json,,,,,,
0.0662251655629139,0.3576158940397351,0.2137541103397881,,,,mock,0.2913907284768212,0.2257524996900046,,,,,,,,,,,0.5168689694140145,,,ldp,,retrain_attacker,lstm,1.005837171601942,,,,,0.108581906577775,,,,18.51851851851852,mock,42,outputs/experiments/mock/seed_42/lstm/baseline/baseline_confusion.json;outputs/experiments/mock/seed_42/lstm/ldp/retrain_attacker/confusion.json;outputs/experiments/mock/seed_42/lstm/ldp/retrain_attacker/defense_report.json,,,,,,
-0.0132450331125827,0.3576158940397351,0.2137541103397881,,,,mock,0.3708609271523179,0.2188925706986578,,,,,,,,,,,0.4997777148464784,,,noise,,fixed_attacker,lstm,0.4990515514628953,,,,,0.2110798185283669,,,,-3.703703703703707,mock,42,outputs/experiments/mock/seed_42/lstm/baseline/baseline_confusion.json;outputs/experiments/mock/seed_42/lstm/noise/fixed_attacker/confusion.json;outputs/experiments/mock/seed_42/lstm/noise/fixed_attacker/defense_report.json,,,,,,
0.0281456953642383,0.3576158940397351,0.2137541103397881,,,,mock,0.3294701986754967,0.2834620922360163,,,,,,,,,,,0.4997777148464784,,,noise,,retrain_attacker,lstm,0.4990515514628953,,,,,0.2110798185283669,,,,7.870370370370364,mock,42,outputs/experiments/mock/seed_42/lstm/baseline/baseline_confusion.json;outputs/experiments/mock/seed_42/lstm/noise/retrain_attacker/confusion.json;outputs/experiments/mock/seed_42/lstm/noise/retrain_attacker/defense_report.json,,,,,,
0.043046357615894,0.4652317880794702,0.4129917751339348,,,,mock,0.4221854304635761,0.142723775492137,,,,,,,,,,,0.390278604132773,,,adaptive_ldp,,fixed_attacker,mlp,0.8957119544972894,,,,,0.1470464156700809,,,,9.252669039145909,mock,42,outputs/experiments/mock/seed_42/mlp/baseline/baseline_confusion.json;outputs/experiments/mock/seed_42/mlp/adaptive_ldp/fixed_attacker/confusion.json;outputs/experiments/mock/seed_42/mlp/adaptive_ldp/fixed_attacker/defense_report.json,,,,,,
0.0711920529801324,0.4652317880794702,0.4129917751339348,,,,mock,0.3940397350993377,0.3375551001941118,,,,,,,,,,,0.390278604132773,,,adaptive_ldp,,retrain_attacker,mlp,0.8957119544972894,,,,,0.1470464156700809,,,,15.302491103202842,mock,42,outputs/experiments/mock/seed_42/mlp/baseline/baseline_confusion.json;outputs/experiments/mock/seed_42/mlp/adaptive_ldp/retrain_attacker/confusion.json;outputs/experiments/mock/seed_42/mlp/adaptive_ldp/retrain_attacker/defense_report.json,,,,,,
0.0331125827814569,0.4652317880794702,0.4129917751339348,,,,mock,0.4321192052980132,0.1206936416184971,,,,,,,,,,,0.5168689694140145,,,ldp,,fixed_attacker,mlp,1.005837171601942,,,,,0.108581906577775,,,,7.11743772241993,mock,42,outputs/experiments/mock/seed_42/mlp/baseline/baseline_confusion.json;outputs/experiments/mock/seed_42/mlp/ldp/fixed_attacker/confusion.json;outputs/experiments/mock/seed_42/mlp/ldp/fixed_attacker/defense_report.json,,,,,,
0.2516556291390728,0.4652317880794702,0.4129917751339348,,,,mock,0.2135761589403973,0.155579131857224,,,,,,,,,,,0.5168689694140145,,,ldp,,retrain_attacker,mlp,1.005837171601942,,,,,0.108581906577775,,,,54.09252669039145,mock,42,outputs/experiments/mock/seed_42/mlp/baseline/baseline_confusion.json;outputs/experiments/mock/seed_42/mlp/ldp/retrain_attacker/confusion.json;outputs/experiments/mock/seed_42/mlp/ldp/retrain_attacker/defense_report.json,,,,,,
0.2764900662251656,0.4652317880794702,0.4129917751339348,,,,mock,0.1887417218543046,0.1177709656063894,,,,,,,,,,,0.4997777148464784,,,noise,,fixed_attacker,mlp,0.4990515514628953,,,,,0.2110798185283669,,,,59.43060498220641,mock,42,outputs/experiments/mock/seed_42/mlp/baseline/baseline_confusion.json;outputs/experiments/mock/seed_42/mlp/noise/fixed_attacker/confusion.json;outputs/experiments/mock/seed_42/mlp/noise/fixed_attacker/defense_report.json,,,,,,
0.2052980132450331,0.4652317880794702,0.4129917751339348,,,,mock,0.2599337748344371,0.1870890275533442,,,,,,,,,,,0.4997777148464784,,,noise,,retrain_attacker,mlp,0.4990515514628953,,,,,0.2110798185283669,,,,44.12811387900357,mock,42,outputs/experiments/mock/seed_42/mlp/baseline/baseline_confusion.json;outputs/experiments/mock/seed_42/mlp/noise/retrain_attacker/confusion.json;outputs/experiments/mock/seed_42/mlp/noise/retrain_attacker/defense_report.json,,,,,,
0.3443708609271522,0.7831125827814569,0.7699687346804808,,,,mock,0.4387417218543046,0.3030440902457167,,,,,,,,,,,0.3917225008424567,,,adaptive_ldp,,fixed_attacker,lstm,0.9063319580707392,,,,,0.1464043531181786,,,,43.97463002114164,mock,123,outputs/experiments/mock/seed_123/lstm/baseline/baseline_confusion.json;outputs/experiments/mock/seed_123/lstm/adaptive_ldp/fixed_attacker/confusion.json;outputs/experiments/mock/seed_123/lstm/adaptive_ldp/fixed_attacker/defense_report.json,,,,,,
0.3609271523178807,0.7831125827814569,0.7699687346804808,,,,mock,0.4221854304635761,0.353448181869182,,,,,,,,,,,0.3917225008424567,,,adaptive_ldp,,retrain_attacker,lstm,0.9063319580707392,,,,,0.1464043531181786,,,,46.08879492600423,mock,123,outputs/experiments/mock/seed_123/lstm/baseline/baseline_confusion.json;outputs/experiments/mock/seed_123/lstm/adaptive_ldp/retrain_attacker/confusion.json;outputs/experiments/mock/seed_123/lstm/adaptive_ldp/retrain_attacker/defense_report.json,,,,,,
0.4470198675496688,0.7831125827814569,0.7699687346804808,,,,mock,0.3360927152317881,0.1804060527789469,,,,,,,,,,,0.5156768119323579,,,ldp,,fixed_attacker,lstm,1.0037463464963514,,,,,0.1078229180413483,,,,57.082452431289646,mock,123,outputs/experiments/mock/seed_123/lstm/baseline/baseline_confusion.json;outputs/experiments/mock/seed_123/lstm/ldp/fixed_attacker/confusion.json;outputs/experiments/mock/seed_123/lstm/ldp/fixed_attacker/defense_report.json,,,,,,
0.4569536423841059,0.7831125827814569,0.7699687346804808,,,,mock,0.326158940397351,0.2295489551922208,,,,,,,,,,,0.5156768119323579,,,ldp,,retrain_attacker,lstm,1.0037463464963514,,,,,0.1078229180413483,,,,58.35095137420719,mock,123,outputs/experiments/mock/seed_123/lstm/baseline/baseline_confusion.json;outputs/experiments/mock/seed_123/lstm/ldp/retrain_attacker/confusion.json;outputs/experiments/mock/seed_123/lstm/ldp/retrain_attacker/defense_report.json,,,,,,
0.4039735099337748,0.7831125827814569,0.7699687346804808,,,,mock,0.3791390728476821,0.2466322587837273,,,,,,,,,,,0.4983800696929921,,,noise,,fixed_attacker,lstm,0.4965272599019954,,,,,0.2100685206953511,,,,51.58562367864693,mock,123,outputs/experiments/mock/seed_123/lstm/baseline/baseline_confusion.json;outputs/experiments/mock/seed_123/lstm/noise/fixed_attacker/confusion.json;outputs/experiments/mock/seed_123/lstm/noise/fixed_attacker/defense_report.json,,,,,,
0.4139072847682118,0.7831125827814569,0.7699687346804808,,,,mock,0.369205298013245,0.3007413849018401,,,,,,,,,,,0.4983800696929921,,,noise,,retrain_attacker,lstm,0.4965272599019954,,,,,0.2100685206953511,,,,52.85412262156448,mock,123,outputs/experiments/mock/seed_123/lstm/baseline/baseline_confusion.json;outputs/experiments/mock/seed_123/lstm/noise/retrain_attacker/confusion.json;outputs/experiments/mock/seed_123/lstm/noise/retrain_attacker/defense_report.json,,,,,,
0.3692052980132451,0.4834437086092715,0.4405918215847059,,,,mock,0.1142384105960264,0.0410104011887072,,,,,,,,,,,0.3917225008424567,,,adaptive_ldp,,fixed_attacker,mlp,0.9063319580707392,,,,,0.1464043531181786,,,,76.36986301369863,mock,123,outputs/experiments/mock/seed_123/mlp/baseline/baseline_confusion.json;outputs/experiments/mock/seed_123/mlp/adaptive_ldp/fixed_attacker/confusion.json;outputs/experiments/mock/seed_123/mlp/adaptive_ldp/fixed_attacker/defense_report.json,,,,,,
0.0695364238410596,0.4834437086092715,0.4405918215847059,,,,mock,0.4139072847682119,0.3351340789232041,,,,,,,,,,,0.3917225008424567,,,adaptive_ldp,,retrain_attacker,mlp,0.9063319580707392,,,,,0.1464043531181786,,,,14.383561643835622,mock,123,outputs/experiments/mock/seed_123/mlp/baseline/baseline_confusion.json;outputs/experiments/mock/seed_123/mlp/adaptive_ldp/retrain_attacker/confusion.json;outputs/experiments/mock/seed_123/mlp/adaptive_ldp/retrain_attacker/defense_report.json,,,,,,
0.3692052980132451,0.4834437086092715,0.4405918215847059,,,,mock,0.1142384105960264,0.0410104011887072,,,,,,,,,,,0.5156768119323579,,,ldp,,fixed_attacker,mlp,1.0037463464963514,,,,,0.1078229180413483,,,,76.36986301369863,mock,123,outputs/experiments/mock/seed_123/mlp/baseline/baseline_confusion.json;outputs/experiments/mock/seed_123/mlp/ldp/fixed_attacker/confusion.json;outputs/experiments/mock/seed_123/mlp/ldp/fixed_attacker/defense_report.json,,,,,,
0.2731788079470199,0.4834437086092715,0.4405918215847059,,,,mock,0.2102649006622516,0.1606575274465486,,,,,,,,,,,0.5156768119323579,,,ldp,,retrain_attacker,mlp,1.0037463464963514,,,,,0.1078229180413483,,,,56.5068493150685,mock,123,outputs/experiments/mock/seed_123/mlp/baseline/baseline_confusion.json;outputs/experiments/mock/seed_123/mlp/ldp/retrain_attacker/confusion.json;outputs/experiments/mock/seed_123/mlp/ldp/retrain_attacker/defense_report.json,,,,,,
0.2731788079470199,0.4834437086092715,0.4405918215847059,,,,mock,0.2102649006622516,0.1296750274278364,,,,,,,,,,,0.4983800696929921,,,noise,,fixed_attacker,mlp,0.4965272599019954,,,,,0.2100685206953511,,,,56.5068493150685,mock,123,outputs/experiments/mock/seed_123/mlp/baseline/baseline_confusion.json;outputs/experiments/mock/seed_123/mlp/noise/fixed_attacker/confusion.json;outputs/experiments/mock/seed_123/mlp/noise/fixed_attacker/defense_report.json,,,,,,
0.1854304635761589,0.4834437086092715,0.4405918215847059,,,,mock,0.2980132450331126,0.2164624407406954,,,,,,,,,,,0.4983800696929921,,,noise,,retrain_attacker,mlp,0.4965272599019954,,,,,0.2100685206953511,,,,38.35616438356164,mock,123,outputs/experiments/mock/seed_123/mlp/baseline/baseline_confusion.json;outputs/experiments/mock/seed_123/mlp/noise/retrain_attacker/confusion.json;outputs/experiments/mock/seed_123/mlp/noise/retrain_attacker/defense_report.json,,,,,,
0.3294701986754967,0.7798013245033113,0.7795078111196135,,,,mock,0.4503311258278146,0.3189006249813977,,,,,,,,,,,0.373469471633857,,,adaptive_ldp,,fixed_attacker,lstm,0.8538681348697145,,,,,0.1481763884306514,,,,42.25053078556263,mock,2026,outputs/experiments/mock/seed_2026/lstm/baseline/baseline_confusion.json;outputs/experiments/mock/seed_2026/lstm/adaptive_ldp/fixed_attacker/confusion.json;outputs/experiments/mock/seed_2026/lstm/adaptive_ldp/fixed_attacker/defense_report.json,,,,,,
0.3543046357615894,0.7798013245033113,0.7795078111196135,,,,mock,0.4254966887417218,0.346363991388879,,,,,,,,,,,0.373469471633857,,,adaptive_ldp,,retrain_attacker,lstm,0.8538681348697145,,,,,0.1481763884306514,,,,45.43524416135881,mock,2026,outputs/experiments/mock/seed_2026/lstm/baseline/baseline_confusion.json;outputs/experiments/mock/seed_2026/lstm/adaptive_ldp/retrain_attacker/confusion.json;outputs/experiments/mock/seed_2026/lstm/adaptive_ldp/retrain_attacker/defense_report.json,,,,,,
0.4387417218543046,0.7798013245033113,0.7795078111196135,,,,mock,0.3410596026490066,0.1933296553070989,,,,,,,,,,,0.5145102493540279,,,ldp,,fixed_attacker,lstm,1.0068559036453752,,,,,0.1061225329079921,,,,56.26326963906582,mock,2026,outputs/experiments/mock/seed_2026/lstm/baseline/baseline_confusion.json;outputs/experiments/mock/seed_2026/lstm/ldp/fixed_attacker/confusion.json;outputs/experiments/mock/seed_2026/lstm/ldp/fixed_attacker/defense_report.json,,,,,,
0.5033112582781457,0.7798013245033113,0.7795078111196135,,,,mock,0.2764900662251656,0.2407999180668672,,,,,,,,,,,0.5145102493540279,,,ldp,,retrain_attacker,lstm,1.0068559036453752,,,,,0.1061225329079921,,,,64.54352441613588,mock,2026,outputs/experiments/mock/seed_2026/lstm/baseline/baseline_confusion.json;outputs/experiments/mock/seed_2026/lstm/ldp/retrain_attacker/confusion.json;outputs/experiments/mock/seed_2026/lstm/ldp/retrain_attacker/defense_report.json,,,,,,
0.4155629139072848,0.7798013245033113,0.7795078111196135,,,,mock,0.3642384105960264,0.24339550996431,,,,,,,,,,,0.5005296539653346,,,noise,,fixed_attacker,lstm,0.5015420825948257,,,,,0.2088061834499174,,,,53.29087048832272,mock,2026,outputs/experiments/mock/seed_2026/lstm/baseline/baseline_confusion.json;outputs/experiments/mock/seed_2026/lstm/noise/fixed_attacker/confusion.json;outputs/experiments/mock/seed_2026/lstm/noise/fixed_attacker/defense_report.json,,,,,,
0.3956953642384106,0.7798013245033113,0.7795078111196135,,,,mock,0.3841059602649007,0.3086873994253406,,,,,,,,,,,0.5005296539653346,,,noise,,retrain_attacker,lstm,0.5015420825948257,,,,,0.2088061834499174,,,,50.74309978768577,mock,2026,outputs/experiments/mock/seed_2026/lstm/baseline/baseline_confusion.json;outputs/experiments/mock/seed_2026/lstm/noise/retrain_attacker/confusion.json;outputs/experiments/mock/seed_2026/lstm/noise/retrain_attacker/defense_report.json,,,,,,
0.3509933774834437,0.4718543046357616,0.4247204184595225,,,,mock,0.1208609271523178,0.0431314623338257,,,,,,,,,,,0.373469471633857,,,adaptive_ldp,,fixed_attacker,mlp,0.8538681348697145,,,,,0.1481763884306514,,,,74.3859649122807,mock,2026,outputs/experiments/mock/seed_2026/mlp/baseline/baseline_confusion.json;outputs/experiments/mock/seed_2026/mlp/adaptive_ldp/fixed_attacker/confusion.json;outputs/experiments/mock/seed_2026/mlp/adaptive_ldp/fixed_attacker/defense_report.json,,,,,,
0.0894039735099337,0.4718543046357616,0.4247204184595225,,,,mock,0.3824503311258278,0.2987848129403864,,,,,,,,,,,0.373469471633857,,,adaptive_ldp,,retrain_attacker,mlp,0.8538681348697145,,,,,0.1481763884306514,,,,18.947368421052637,mock,2026,outputs/experiments/mock/seed_2026/mlp/baseline/baseline_confusion.json;outputs/experiments/mock/seed_2026/mlp/adaptive_ldp/retrain_attacker/confusion.json;outputs/experiments/mock/seed_2026/mlp/adaptive_ldp/retrain_attacker/defense_report.json,,,,,,
0.3509933774834437,0.4718543046357616,0.4247204184595225,,,,mock,0.1208609271523178,0.0431314623338257,,,,,,,,,,,0.5145102493540279,,,ldp,,fixed_attacker,mlp,1.0068559036453752,,,,,0.1061225329079921,,,,74.3859649122807,mock,2026,outputs/experiments/mock/seed_2026/mlp/baseline/baseline_confusion.json;outputs/experiments/mock/seed_2026/mlp/ldp/fixed_attacker/confusion.json;outputs/experiments/mock/seed_2026/mlp/ldp/fixed_attacker/defense_report.json,,,,,,
0.2417218543046357,0.4718543046357616,0.4247204184595225,,,,mock,0.2301324503311258,0.1722683589444395,,,,,,,,,,,0.5145102493540279,,,ldp,,retrain_attacker,mlp,1.0068559036453752,,,,,0.1061225329079921,,,,51.2280701754386,mock,2026,outputs/experiments/mock/seed_2026/mlp/baseline/baseline_confusion.json;outputs/experiments/mock/seed_2026/mlp/ldp/retrain_attacker/confusion.json;outputs/experiments/mock/seed_2026/mlp/ldp/retrain_attacker/defense_report.json,,,,,,
0.2599337748344371,0.4718543046357616,0.4247204184595225,,,,mock,0.2119205298013245,0.1242147786567918,,,,,,,,,,,0.5005296539653346,,,noise,,fixed_attacker,mlp,0.5015420825948257,,,,,0.2088061834499174,,,,55.08771929824562,mock,2026,outputs/experiments/mock/seed_2026/mlp/baseline/baseline_confusion.json;outputs/experiments/mock/seed_2026/mlp/noise/fixed_attacker/confusion.json;outputs/experiments/mock/seed_2026/mlp/noise/fixed_attacker/defense_report.json,,,,,,
0.1870860927152318,0.4718543046357616,0.4247204184595225,,,,mock,0.2847682119205298,0.2413098764190172,,,,,,,,,,,0.5005296539653346,,,noise,,retrain_attacker,mlp,0.5015420825948257,,,,,0.2088061834499174,,,,39.64912280701755,mock,2026,outputs/experiments/mock/seed_2026/mlp/baseline/baseline_confusion.json;outputs/experiments/mock/seed_2026/mlp/noise/retrain_attacker/confusion.json;outputs/experiments/mock/seed_2026/mlp/noise/retrain_attacker/defense_report.json,,,,,,
0.3449259083250529,0.4722426232341124,0.28874197100983,,,,casas_hh101,0.1273167149090595,0.1052574391674909,,,,,,,,,"(30, 6)",,0.2289944831716278,,,adaptive_ldp,,fixed_attacker,lstm,0.205873753274023,34.0,,,,0.5944848043435044,,,,73.03997804409478,real,42,outputs/experiments/casas_hh101/seed_42/lstm/baseline/baseline_confusion.json;outputs/experiments/casas_hh101/seed_42/lstm/adaptive_ldp/fixed_attacker/confusion.json;outputs/experiments/casas_hh101/seed_42/lstm/adaptive_ldp/fixed_attacker/defense_report.json;data/processed/casas_hh101/seed_42/meta.json,,23147.0,,,108019.0,23147.0
0.0343889056897222,0.4722426232341124,0.28874197100983,,,,casas_hh101,0.4378537175443902,0.1819105171736367,,,,,,,,,"(30, 6)",,0.2289944831716278,,,adaptive_ldp,,retrain_attacker,lstm,0.205873753274023,34.0,,,,0.5944848043435044,,,,7.28204189918581,real,42,outputs/experiments/casas_hh101/seed_42/lstm/baseline/baseline_confusion.json;outputs/experiments/casas_hh101/seed_42/lstm/adaptive_ldp/retrain_attacker/confusion.json;outputs/experiments/casas_hh101/seed_42/lstm/adaptive_ldp/retrain_attacker/defense_report.json;data/processed/casas_hh101/seed_42/meta.json,,23147.0,,,108019.0,23147.0
0.4374648982589536,0.4722426232341124,0.28874197100983,,,,casas_hh101,0.0347777249751587,0.0344558543770684,,,,,,,,,"(30, 6)",,0.5527017422179649,,,ldp,,fixed_attacker,lstm,1.0440614061133688,34.0,,,,0.2693621461914066,,,,92.63562345622542,real,42,outputs/experiments/casas_hh101/seed_42/lstm/baseline/baseline_confusion.json;outputs/experiments/casas_hh101/seed_42/lstm/ldp/fixed_attacker/confusion.json;outputs/experiments/casas_hh101/seed_42/lstm/ldp/fixed_attacker/defense_report.json;data/processed/casas_hh101/seed_42/meta.json,,23147.0,,,108019.0,23147.0
0.0975504385017497,0.4722426232341124,0.28874197100983,,,,casas_hh101,0.3746921847323627,0.1506007641008737,,,,,,,,,"(30, 6)",,0.5527017422179649,,,ldp,,retrain_attacker,lstm,1.0440614061133688,34.0,,,,0.2693621461914066,,,,20.65684749794164,real,42,outputs/experiments/casas_hh101/seed_42/lstm/baseline/baseline_confusion.json;outputs/experiments/casas_hh101/seed_42/lstm/ldp/retrain_attacker/confusion.json;outputs/experiments/casas_hh101/seed_42/lstm/ldp/retrain_attacker/defense_report.json;data/processed/casas_hh101/seed_42/meta.json,,23147.0,,,108019.0,23147.0
0.3925778718624444,0.4722426232341124,0.28874197100983,,,,casas_hh101,0.079664751371668,0.0846753687478826,,,,,,,,,"(30, 6)",,0.4999237492094546,,,noise,,fixed_attacker,lstm,0.4998324718261857,34.0,,,,0.4661712297498146,,,,83.13054615314245,real,42,outputs/experiments/casas_hh101/seed_42/lstm/baseline/baseline_confusion.json;outputs/experiments/casas_hh101/seed_42/lstm/noise/fixed_attacker/confusion.json;outputs/experiments/casas_hh101/seed_42/lstm/noise/fixed_attacker/defense_report.json;data/processed/casas_hh101/seed_42/meta.json,,23147.0,,,108019.0,23147.0
0.0730116213764203,0.4722426232341124,0.28874197100983,,,,casas_hh101,0.3992310018576921,0.1915452731129467,,,,,,,,,"(30, 6)",,0.4999237492094546,,,noise,,retrain_attacker,lstm,0.4998324718261857,34.0,,,,0.4661712297498146,,,,15.46061659500504,real,42,outputs/experiments/casas_hh101/seed_42/lstm/baseline/baseline_confusion.json;outputs/experiments/casas_hh101/seed_42/lstm/noise/retrain_attacker/confusion.json;outputs/experiments/casas_hh101/seed_42/lstm/noise/retrain_attacker/defense_report.json;data/processed/casas_hh101/seed_42/meta.json,,23147.0,,,108019.0,23147.0
0.3704151725925606,0.4346999611180714,0.2043552822683765,,,,casas_hh101,0.0642847885255108,0.009417464267025,,,,,,,,,"(40,)",,0.2289944831716278,,,adaptive_ldp,,fixed_attacker,mlp,0.205873753274023,34.0,,,,0.5944848043435044,,,,85.21168753726894,real,42,outputs/experiments/casas_hh101/seed_42/mlp/baseline/baseline_confusion.json;outputs/experiments/casas_hh101/seed_42/mlp/adaptive_ldp/fixed_attacker/confusion.json;outputs/experiments/casas_hh101/seed_42/mlp/adaptive_ldp/fixed_attacker/defense_report.json;data/processed/casas_hh101/seed_42/meta.json,,23147.0,,,108019.0,23147.0
0.0503736985354473,0.4346999611180714,0.2043552822683765,,,,casas_hh101,0.3843262625826241,0.1181455742004966,,,,,,,,,"(40,)",,0.2289944831716278,,,adaptive_ldp,,retrain_attacker,mlp,0.205873753274023,34.0,,,,0.5944848043435044,,,,11.588153448618568,real,42,outputs/experiments/casas_hh101/seed_42/mlp/baseline/baseline_confusion.json;outputs/experiments/casas_hh101/seed_42/mlp/adaptive_ldp/retrain_attacker/confusion.json;outputs/experiments/casas_hh101/seed_42/mlp/adaptive_ldp/retrain_attacker/defense_report.json;data/processed/casas_hh101/seed_42/meta.json,,23147.0,,,108019.0,23147.0
0.3729640990193114,0.4346999611180714,0.2043552822683765,,,,casas_hh101,0.0617358620987601,0.00523077004666,,,,,,,,,"(40,)",,0.5527017422179649,,,ldp,,fixed_attacker,mlp,1.0440614061133688,34.0,,,,0.2693621461914066,,,,85.79805207712184,real,42,outputs/experiments/casas_hh101/seed_42/mlp/baseline/baseline_confusion.json;outputs/experiments/casas_hh101/seed_42/mlp/ldp/fixed_attacker/confusion.json;outputs/experiments/casas_hh101/seed_42/mlp/ldp/fixed_attacker/defense_report.json;data/processed/casas_hh101/seed_42/meta.json,,23147.0,,,108019.0,23147.0
0.095174320646304,0.4346999611180714,0.2043552822683765,,,,casas_hh101,0.3395256404717674,0.0893809269610826,,,,,,,,,"(40,)",,0.5527017422179649,,,ldp,,retrain_attacker,mlp,1.0440614061133688,34.0,,,,0.2693621461914066,,,,21.894255615185845,real,42,outputs/experiments/casas_hh101/seed_42/mlp/baseline/baseline_confusion.json;outputs/experiments/casas_hh101/seed_42/mlp/ldp/retrain_attacker/confusion.json;outputs/experiments/casas_hh101/seed_42/mlp/ldp/retrain_attacker/defense_report.json;data/processed/casas_hh101/seed_42/meta.json,,23147.0,,,108019.0,23147.0
0.4209616796993131,0.4346999611180714,0.2043552822683765,,,,casas_hh101,0.0137382814187583,0.0017318005401006,,,,,,,,,"(40,)",,0.4999237492094546,,,noise,,fixed_attacker,mlp,0.4998324718261857,34.0,,,,0.4661712297498146,,,,96.83959451401311,real,42,outputs/experiments/casas_hh101/seed_42/mlp/baseline/baseline_confusion.json;outputs/experiments/casas_hh101/seed_42/mlp/noise/fixed_attacker/confusion.json;outputs/experiments/casas_hh101/seed_42/mlp/noise/fixed_attacker/defense_report.json;data/processed/casas_hh101/seed_42/meta.json,,23147.0,,,108019.0,23147.0
0.2453017669676416,0.4346999611180714,0.2043552822683765,,,,casas_hh101,0.1893981941504298,0.0859973693203288,,,,,,,,,"(40,)",,0.4999237492094546,,,noise,,retrain_attacker,mlp,0.4998324718261857,34.0,,,,0.4661712297498146,,,,56.43013317431922,real,42,outputs/experiments/casas_hh101/seed_42/mlp/baseline/baseline_confusion.json;outputs/experiments/casas_hh101/seed_42/mlp/noise/retrain_attacker/confusion.json;outputs/experiments/casas_hh101/seed_42/mlp/noise/retrain_attacker/defense_report.json;data/processed/casas_hh101/seed_42/meta.json,,23147.0,,,108019.0,23147.0
0.2920464855056811,0.4499071153929235,0.2829623535444159,,,,casas_hh101,0.1578606298872424,0.1234236206001496,,,,,,,,,"(30, 6)",,0.2291392371113853,,,adaptive_ldp,,fixed_attacker,lstm,0.2061813799492785,34.0,,,,0.5943600899092415,,,,64.91261763011332,real,123,outputs/experiments/casas_hh101/seed_123/lstm/baseline/baseline_confusion.json;outputs/experiments/casas_hh101/seed_123/lstm/adaptive_ldp/fixed_attacker/confusion.json;outputs/experiments/casas_hh101/seed_123/lstm/adaptive_ldp/fixed_attacker/defense_report.json;data/processed/casas_hh101/seed_123/meta.json,,23147.0,,,108019.0,23147.0
0.0464855056810817,0.4499071153929235,0.2829623535444159,,,,casas_hh101,0.4034216097118417,0.1861610827885803,,,,,,,,,"(30, 6)",,0.2291392371113853,,,adaptive_ldp,,retrain_attacker,lstm,0.2061813799492785,34.0,,,,0.5943600899092415,,,,10.332245054734011,real,123,outputs/experiments/casas_hh101/seed_123/lstm/baseline/baseline_confusion.json;outputs/experiments/casas_hh101/seed_123/lstm/adaptive_ldp/retrain_attacker/confusion.json;outputs/experiments/casas_hh101/seed_123/lstm/adaptive_ldp/retrain_attacker/defense_report.json;data/processed/casas_hh101/seed_123/meta.json,,23147.0,,,108019.0,23147.0
0.41227804899123,0.4499071153929235,0.2829623535444159,,,,casas_hh101,0.0376290664016935,0.0331154398736017,,,,,,,,,"(30, 6)",,0.5528992152254002,,,ldp,,fixed_attacker,lstm,1.0445092831841984,34.0,,,,0.2693923242241451,,,,91.63625888227386,real,123,outputs/experiments/casas_hh101/seed_123/lstm/baseline/baseline_confusion.json;outputs/experiments/casas_hh101/seed_123/lstm/ldp/fixed_attacker/confusion.json;outputs/experiments/casas_hh101/seed_123/lstm/ldp/fixed_attacker/defense_report.json;data/processed/casas_hh101/seed_123/meta.json,,23147.0,,,108019.0,23147.0
0.1117207413487709,0.4499071153929235,0.2829623535444159,,,,casas_hh101,0.3381863740441526,0.1428813474074865,,,,,,,,,"(30, 6)",,0.5528992152254002,,,ldp,,retrain_attacker,lstm,1.0445092831841984,34.0,,,,0.2693923242241451,,,,24.831956980987137,real,123,outputs/experiments/casas_hh101/seed_123/lstm/baseline/baseline_confusion.json;outputs/experiments/casas_hh101/seed_123/lstm/ldp/retrain_attacker/confusion.json;outputs/experiments/casas_hh101/seed_123/lstm/ldp/retrain_attacker/defense_report.json;data/processed/casas_hh101/seed_123/meta.json,,23147.0,,,108019.0,23147.0
0.3436730461830907,0.4499071153929235,0.2829623535444159,,,,casas_hh101,0.1062340692098328,0.0975851661152169,,,,,,,,,"(30, 6)",,0.5001626920327928,,,noise,,fixed_attacker,lstm,0.500212278974836,34.0,,,,0.4662941603323881,,,,76.38755521413482,real,123,outputs/experiments/casas_hh101/seed_123/lstm/baseline/baseline_confusion.json;outputs/experiments/casas_hh101/seed_123/lstm/noise/fixed_attacker/confusion.json;outputs/experiments/casas_hh101/seed_123/lstm/noise/fixed_attacker/defense_report.json;data/processed/casas_hh101/seed_123/meta.json,,23147.0,,,108019.0,23147.0
0.082861709940813,0.4499071153929235,0.2829623535444159,,,,casas_hh101,0.3670454054521104,0.1996629409012363,,,,,,,,,"(30, 6)",,0.5001626920327928,,,noise,,retrain_attacker,lstm,0.500212278974836,34.0,,,,0.4662941603323881,,,,18.41751488381025,real,123,outputs/experiments/casas_hh101/seed_123/lstm/baseline/baseline_confusion.json;outputs/experiments/casas_hh101/seed_123/lstm/noise/retrain_attacker/confusion.json;outputs/experiments/casas_hh101/seed_123/lstm/noise/retrain_attacker/defense_report.json;data/processed/casas_hh101/seed_123/meta.json,,23147.0,,,108019.0,23147.0
0.375642631874541,0.4379401218300428,0.2081726811030334,,,,casas_hh101,0.0622974899555017,0.0095514760485879,,,,,,,,,"(40,)",,0.2291392371113853,,,adaptive_ldp,,fixed_attacker,mlp,0.2061813799492785,34.0,,,,0.5943600899092415,,,,85.77488408799448,real,123,outputs/experiments/casas_hh101/seed_123/mlp/baseline/baseline_confusion.json;outputs/experiments/casas_hh101/seed_123/mlp/adaptive_ldp/fixed_attacker/confusion.json;outputs/experiments/casas_hh101/seed_123/mlp/adaptive_ldp/fixed_attacker/defense_report.json;data/processed/casas_hh101/seed_123/meta.json,,23147.0,,,108019.0,23147.0
0.067049725666393,0.4379401218300428,0.2081726811030334,,,,casas_hh101,0.3708903961636497,0.0994403302290165,,,,,,,,,"(40,)",,0.2291392371113853,,,adaptive_ldp,,retrain_attacker,mlp,0.2061813799492785,34.0,,,,0.5943600899092415,,,,15.31024958074381,real,123,outputs/experiments/casas_hh101/seed_123/mlp/baseline/baseline_confusion.json;outputs/experiments/casas_hh101/seed_123/mlp/adaptive_ldp/retrain_attacker/confusion.json;outputs/experiments/casas_hh101/seed_123/mlp/adaptive_ldp/retrain_attacker/defense_report.json;data/processed/casas_hh101/seed_123/meta.json,,23147.0,,,108019.0,23147.0
0.3759018447314987,0.4379401218300428,0.2081726811030334,,,,casas_hh101,0.062038277098544,0.005538372221279,,,,,,,,,"(40,)",,0.5528992152254002,,,ldp,,fixed_attacker,mlp,1.0445092831841984,34.0,,,,0.2693923242241451,,,,85.83407319719838,real,123,outputs/experiments/casas_hh101/seed_123/mlp/baseline/baseline_confusion.json;outputs/experiments/casas_hh101/seed_123/mlp/ldp/fixed_attacker/confusion.json;outputs/experiments/casas_hh101/seed_123/mlp/ldp/fixed_attacker/defense_report.json;data/processed/casas_hh101/seed_123/meta.json,,23147.0,,,108019.0,23147.0
0.125113405624919,0.4379401218300428,0.2081726811030334,,,,casas_hh101,0.3128267162051237,0.0856305477405044,,,,,,,,,"(40,)",,0.5528992152254002,,,ldp,,retrain_attacker,mlp,1.0445092831841984,34.0,,,,0.2693923242241451,,,,28.568610042418868,real,123,outputs/experiments/casas_hh101/seed_123/mlp/baseline/baseline_confusion.json;outputs/experiments/casas_hh101/seed_123/mlp/ldp/retrain_attacker/confusion.json;outputs/experiments/casas_hh101/seed_123/mlp/ldp/retrain_attacker/defense_report.json;data/processed/casas_hh101/seed_123/meta.json,,23147.0,,,108019.0,23147.0
0.4226033611267119,0.4379401218300428,0.2081726811030334,,,,casas_hh101,0.0153367607033308,0.0033037553442353,,,,,,,,,"(40,)",,0.5001626920327928,,,noise,,fixed_attacker,mlp,0.500212278974836,34.0,,,,0.4662941603323881,,,,96.49797770543552,real,123,outputs/experiments/casas_hh101/seed_123/mlp/baseline/baseline_confusion.json;outputs/experiments/casas_hh101/seed_123/mlp/noise/fixed_attacker/confusion.json;outputs/experiments/casas_hh101/seed_123/mlp/noise/fixed_attacker/defense_report.json;data/processed/casas_hh101/seed_123/meta.json,,23147.0,,,108019.0,23147.0
0.0873115306519203,0.4379401218300428,0.2081726811030334,,,,casas_hh101,0.3506285911781224,0.1065410184034203,,,,,,,,,"(40,)",,0.5001626920327928,,,noise,,retrain_attacker,mlp,0.500212278974836,34.0,,,,0.4662941603323881,,,,19.936864950182496,real,123,outputs/experiments/casas_hh101/seed_123/mlp/baseline/baseline_confusion.json;outputs/experiments/casas_hh101/seed_123/mlp/noise/retrain_attacker/confusion.json;outputs/experiments/casas_hh101/seed_123/mlp/noise/retrain_attacker/defense_report.json;data/processed/casas_hh101/seed_123/meta.json,,23147.0,,,108019.0,23147.0
0.3825981768695727,0.5245604181967426,0.3069356291386126,,,,casas_hh101,0.1419622413271698,0.1252431010883711,,,,,,,,,"(30, 6)",,0.2290422301851998,,,adaptive_ldp,,fixed_attacker,lstm,0.205999702401558,34.0,,,,0.5944773259572188,,,,72.93691319387251,real,2026,outputs/experiments/casas_hh101/seed_2026/lstm/baseline/baseline_confusion.json;outputs/experiments/casas_hh101/seed_2026/lstm/adaptive_ldp/fixed_attacker/confusion.json;outputs/experiments/casas_hh101/seed_2026/lstm/adaptive_ldp/fixed_attacker/defense_report.json;data/processed/casas_hh101/seed_2026/meta.json,,23147.0,,,108019.0,23147.0
0.0707651099494535,0.5245604181967426,0.3069356291386126,,,,casas_hh101,0.4537953082472891,0.2129480595675744,,,,,,,,,"(30, 6)",,0.2290422301851998,,,adaptive_ldp,,retrain_attacker,lstm,0.205999702401558,34.0,,,,0.5944773259572188,,,,13.490364025695934,real,2026,outputs/experiments/casas_hh101/seed_2026/lstm/baseline/baseline_confusion.json;outputs/experiments/casas_hh101/seed_2026/lstm/adaptive_ldp/retrain_attacker/confusion.json;outputs/experiments/casas_hh101/seed_2026/lstm/adaptive_ldp/retrain_attacker/defense_report.json;data/processed/casas_hh101/seed_2026/meta.json,,23147.0,,,108019.0,23147.0
0.4762604225169569,0.5245604181967426,0.3069356291386126,,,,casas_hh101,0.0482999956797857,0.0378904135000295,,,,,,,,,"(30, 6)",,0.5527789735311809,,,ldp,,fixed_attacker,lstm,1.0441997554501992,34.0,,,,0.2691615838531791,,,,90.79229122055676,real,2026,outputs/experiments/casas_hh101/seed_2026/lstm/baseline/baseline_confusion.json;outputs/experiments/casas_hh101/seed_2026/lstm/ldp/fixed_attacker/confusion.json;outputs/experiments/casas_hh101/seed_2026/lstm/ldp/fixed_attacker/defense_report.json;data/processed/casas_hh101/seed_2026/meta.json,,23147.0,,,108019.0,23147.0
0.2937745712187325,0.5245604181967426,0.3069356291386126,,,,casas_hh101,0.2307858469780101,0.1355803436628986,,,,,,,,,"(30, 6)",,0.5527789735311809,,,ldp,,retrain_attacker,lstm,1.0441997554501992,34.0,,,,0.2691615838531791,,,,56.00395322022733,real,2026,outputs/experiments/casas_hh101/seed_2026/lstm/baseline/baseline_confusion.json;outputs/experiments/casas_hh101/seed_2026/lstm/ldp/retrain_attacker/confusion.json;outputs/experiments/casas_hh101/seed_2026/lstm/ldp/retrain_attacker/defense_report.json;data/processed/casas_hh101/seed_2026/meta.json,,23147.0,,,108019.0,23147.0
0.4271395861234717,0.5245604181967426,0.3069356291386126,,,,casas_hh101,0.0974208320732708,0.0918154924375684,,,,,,,,,"(30, 6)",,0.5000974200760557,,,noise,,fixed_attacker,lstm,0.500244089453987,34.0,,,,0.4662592574597787,,,,81.4281008071158,real,2026,outputs/experiments/casas_hh101/seed_2026/lstm/baseline/baseline_confusion.json;outputs/experiments/casas_hh101/seed_2026/lstm/noise/fixed_attacker/confusion.json;outputs/experiments/casas_hh101/seed_2026/lstm/noise/fixed_attacker/defense_report.json;data/processed/casas_hh101/seed_2026/meta.json,,23147.0,,,108019.0,23147.0
0.1525035641767831,0.5245604181967426,0.3069356291386126,,,,casas_hh101,0.3720568540199594,0.1856908273763654,,,,,,,,,"(30, 6)",,0.5000974200760557,,,noise,,retrain_attacker,lstm,0.500244089453987,34.0,,,,0.4662592574597787,,,,29.072640421676827,real,2026,outputs/experiments/casas_hh101/seed_2026/lstm/baseline/baseline_confusion.json;outputs/experiments/casas_hh101/seed_2026/lstm/noise/retrain_attacker/confusion.json;outputs/experiments/casas_hh101/seed_2026/lstm/noise/retrain_attacker/defense_report.json;data/processed/casas_hh101/seed_2026/meta.json,,23147.0,,,108019.0,23147.0
0.373525726876053,0.4409642718278826,0.2182088927705257,,,,casas_hh101,0.0674385449518296,0.0224094598120442,,,,,,,,,"(40,)",,0.2290422301851998,,,adaptive_ldp,,fixed_attacker,mlp,0.205999702401558,34.0,,,,0.5944773259572188,,,,84.70657391985893,real,2026,outputs/experiments/casas_hh101/seed_2026/mlp/baseline/baseline_confusion.json;outputs/experiments/casas_hh101/seed_2026/mlp/adaptive_ldp/fixed_attacker/confusion.json;outputs/experiments/casas_hh101/seed_2026/mlp/adaptive_ldp/fixed_attacker/defense_report.json;data/processed/casas_hh101/seed_2026/meta.json,,23147.0,,,108019.0,23147.0
0.1702164427355597,0.4409642718278826,0.2182088927705257,,,,casas_hh101,0.270747829092323,0.1107017419706174,,,,,,,,,"(40,)",,0.2290422301851998,,,adaptive_ldp,,retrain_attacker,mlp,0.205999702401558,34.0,,,,0.5944773259572188,,,,38.600960125404136,real,2026,outputs/experiments/casas_hh101/seed_2026/mlp/baseline/baseline_confusion.json;outputs/experiments/casas_hh101/seed_2026/mlp/adaptive_ldp/retrain_attacker/confusion.json;outputs/experiments/casas_hh101/seed_2026/mlp/adaptive_ldp/retrain_attacker/defense_report.json;data/processed/casas_hh101/seed_2026/meta.json,,23147.0,,,108019.0,23147.0
0.3733097161619216,0.4409642718278826,0.2182088927705257,,,,casas_hh101,0.067654555665961,0.0199675603208741,,,,,,,,,"(40,)",,0.5527789735311809,,,ldp,,fixed_attacker,mlp,1.0441997554501992,34.0,,,,0.2691615838531791,,,,84.65758792985206,real,2026,outputs/experiments/casas_hh101/seed_2026/mlp/baseline/baseline_confusion.json;outputs/experiments/casas_hh101/seed_2026/mlp/ldp/fixed_attacker/confusion.json;outputs/experiments/casas_hh101/seed_2026/mlp/ldp/fixed_attacker/defense_report.json;data/processed/casas_hh101/seed_2026/meta.json,,23147.0,,,108019.0,23147.0
0.0889532120793191,0.4409642718278826,0.2182088927705257,,,,casas_hh101,0.3520110597485635,0.0947106072567852,,,,,,,,,"(40,)",,0.5527789735311809,,,ldp,,retrain_attacker,mlp,1.0441997554501992,34.0,,,,0.2691615838531791,,,,20.172430684824143,real,2026,outputs/experiments/casas_hh101/seed_2026/mlp/baseline/baseline_confusion.json;outputs/experiments/casas_hh101/seed_2026/mlp/ldp/retrain_attacker/confusion.json;outputs/experiments/casas_hh101/seed_2026/mlp/ldp/retrain_attacker/defense_report.json;data/processed/casas_hh101/seed_2026/meta.json,,23147.0,,,108019.0,23147.0
0.4285652568367391,0.4409642718278826,0.2182088927705257,,,,casas_hh101,0.0123990149911435,0.0007204213084055,,,,,,,,,"(40,)",,0.5000974200760557,,,noise,,fixed_attacker,mlp,0.500244089453987,34.0,,,,0.4662592574597787,,,,97.18820417360637,real,2026,outputs/experiments/casas_hh101/seed_2026/mlp/baseline/baseline_confusion.json;outputs/experiments/casas_hh101/seed_2026/mlp/noise/fixed_attacker/confusion.json;outputs/experiments/casas_hh101/seed_2026/mlp/noise/fixed_attacker/defense_report.json;data/processed/casas_hh101/seed_2026/meta.json,,23147.0,,,108019.0,23147.0
0.0698146628072752,0.4409642718278826,0.2182088927705257,,,,casas_hh101,0.3711496090206074,0.1058045733805495,,,,,,,,,"(40,)",,0.5000974200760557,,,noise,,retrain_attacker,mlp,0.500244089453987,34.0,,,,0.4662592574597787,,,,15.832271970216524,real,2026,outputs/experiments/casas_hh101/seed_2026/mlp/baseline/baseline_confusion.json;outputs/experiments/casas_hh101/seed_2026/mlp/noise/retrain_attacker/confusion.json;outputs/experiments/casas_hh101/seed_2026/mlp/noise/retrain_attacker/defense_report.json;data/processed/casas_hh101/seed_2026/meta.json,,23147.0,,,108019.0,23147.0
0.3005181347150259,0.4093264248704663,0.3518347382883581,,,,kasteren,0.1088082901554404,0.0831001424138679,,,,,,,,,"(30, 14)",,0.2410426397030755,,,adaptive_ldp,,fixed_attacker,lstm,0.2154575759235594,54.0,,,,0.45116133497093,,,,73.41772151898735,real,42,outputs/experiments/kasteren/seed_42/lstm/baseline/baseline_confusion.json;outputs/experiments/kasteren/seed_42/lstm/adaptive_ldp/fixed_attacker/confusion.json;outputs/experiments/kasteren/seed_42/lstm/adaptive_ldp/fixed_attacker/defense_report.json;data/processed/kasteren/seed_42/meta.json,,193.0,,,903.0,194.0
0.3316062176165803,0.4093264248704663,0.3518347382883581,,,,kasteren,0.077720207253886,0.0564244644244644,,,,,,,,,"(30, 14)",,0.2410426397030755,,,adaptive_ldp,,retrain_attacker,lstm,0.2154575759235594,54.0,,,,0.45116133497093,,,,81.0126582278481,real,42,outputs/experiments/kasteren/seed_42/lstm/baseline/baseline_confusion.json;outputs/experiments/kasteren/seed_42/lstm/adaptive_ldp/retrain_attacker/confusion.json;outputs/experiments/kasteren/seed_42/lstm/adaptive_ldp/retrain_attacker/defense_report.json;data/processed/kasteren/seed_42/meta.json,,193.0,,,903.0,194.0
0.3678756476683938,0.4093264248704663,0.3518347382883581,,,,kasteren,0.0414507772020725,0.0235494197679071,,,,,,,,,"(30, 14)",,0.5215905695428109,,,ldp,,fixed_attacker,lstm,1.0163629007672998,54.0,,,,0.1949603199210199,,,,89.87341772151899,real,42,outputs/experiments/kasteren/seed_42/lstm/baseline/baseline_confusion.json;outputs/experiments/kasteren/seed_42/lstm/ldp/fixed_attacker/confusion.json;outputs/experiments/kasteren/seed_42/lstm/ldp/fixed_attacker/defense_report.json;data/processed/kasteren/seed_42/meta.json,,193.0,,,903.0,194.0
0.4041450777202072,0.4093264248704663,0.3518347382883581,,,,kasteren,0.005181347150259,0.0104166666666666,,,,,,,,,"(30, 14)",,0.5215905695428109,,,ldp,,retrain_attacker,lstm,1.0163629007672998,54.0,,,,0.1949603199210199,,,,98.73417721518987,real,42,outputs/experiments/kasteren/seed_42/lstm/baseline/baseline_confusion.json;outputs/experiments/kasteren/seed_42/lstm/ldp/retrain_attacker/confusion.json;outputs/experiments/kasteren/seed_42/lstm/ldp/retrain_attacker/defense_report.json;data/processed/kasteren/seed_42/meta.json,,193.0,,,903.0,194.0
0.310880829015544,0.4093264248704663,0.3518347382883581,,,,kasteren,0.0984455958549222,0.0537749991902241,,,,,,,,,"(30, 14)",,0.4995647374222633,,,noise,,fixed_attacker,lstm,0.4991031832390984,54.0,,,,0.3405088009011119,,,,75.94936708860759,real,42,outputs/experiments/kasteren/seed_42/lstm/baseline/baseline_confusion.json;outputs/experiments/kasteren/seed_42/lstm/noise/fixed_attacker/confusion.json;outputs/experiments/kasteren/seed_42/lstm/noise/fixed_attacker/defense_report.json;data/processed/kasteren/seed_42/meta.json,,193.0,,,903.0,194.0
0.3626943005181347,0.4093264248704663,0.3518347382883581,,,,kasteren,0.0466321243523316,0.0173816568047337,,,,,,,,,"(30, 14)",,0.4995647374222633,,,noise,,retrain_attacker,lstm,0.4991031832390984,54.0,,,,0.3405088009011119,,,,88.60759493670886,real,42,outputs/experiments/kasteren/seed_42/lstm/baseline/baseline_confusion.json;outputs/experiments/kasteren/seed_42/lstm/noise/retrain_attacker/confusion.json;outputs/experiments/kasteren/seed_42/lstm/noise/retrain_attacker/defense_report.json;data/processed/kasteren/seed_42/meta.json,,193.0,,,903.0,194.0
0.1761658031088083,0.2124352331606217,0.200806778691394,,,,kasteren,0.0362694300518134,0.0036388664452224,,,,,,,,,"(88,)",,0.2410426397030755,,,adaptive_ldp,,fixed_attacker,mlp,0.2154575759235594,54.0,,,,0.45116133497093,,,,82.92682926829269,real,42,outputs/experiments/kasteren/seed_42/mlp/baseline/baseline_confusion.json;outputs/experiments/kasteren/seed_42/mlp/adaptive_ldp/fixed_attacker/confusion.json;outputs/experiments/kasteren/seed_42/mlp/adaptive_ldp/fixed_attacker/defense_report.json;data/processed/kasteren/seed_42/meta.json,,193.0,,,903.0,194.0
0.1968911917098445,0.2124352331606217,0.200806778691394,,,,kasteren,0.0155440414507772,0.0010434782608695,,,,,,,,,"(88,)",,0.2410426397030755,,,adaptive_ldp,,retrain_attacker,mlp,0.2154575759235594,54.0,,,,0.45116133497093,,,,92.6829268292683,real,42,outputs/experiments/kasteren/seed_42/mlp/baseline/baseline_confusion.json;outputs/experiments/kasteren/seed_42/mlp/adaptive_ldp/retrain_attacker/confusion.json;outputs/experiments/kasteren/seed_42/mlp/adaptive_ldp/retrain_attacker/defense_report.json;data/processed/kasteren/seed_42/meta.json,,193.0,,,903.0,194.0
0.2124352331606217,0.2124352331606217,0.200806778691394,,,,kasteren,0.0,0.0,,,,,,,,,"(88,)",,0.5215905695428109,,,ldp,,fixed_attacker,mlp,1.0163629007672998,54.0,,,,0.1949603199210199,,,,100.0,real,42,outputs/experiments/kasteren/seed_42/mlp/baseline/baseline_confusion.json;outputs/experiments/kasteren/seed_42/mlp/ldp/fixed_attacker/confusion.json;outputs/experiments/kasteren/seed_42/mlp/ldp/fixed_attacker/defense_report.json;data/processed/kasteren/seed_42/meta.json,,193.0,,,903.0,194.0
0.1917098445595855,0.2124352331606217,0.200806778691394,,,,kasteren,0.0207253886010362,0.0016244624940277,,,,,,,,,"(88,)",,0.5215905695428109,,,ldp,,retrain_attacker,mlp,1.0163629007672998,54.0,,,,0.1949603199210199,,,,90.2439024390244,real,42,outputs/experiments/kasteren/seed_42/mlp/baseline/baseline_confusion.json;outputs/experiments/kasteren/seed_42/mlp/ldp/retrain_attacker/confusion.json;outputs/experiments/kasteren/seed_42/mlp/ldp/retrain_attacker/defense_report.json;data/processed/kasteren/seed_42/meta.json,,193.0,,,903.0,194.0
0.1917098445595855,0.2124352331606217,0.200806778691394,,,,kasteren,0.0207253886010362,0.0008828073273008,,,,,,,,,"(88,)",,0.4995647374222633,,,noise,,fixed_attacker,mlp,0.4991031832390984,54.0,,,,0.3405088009011119,,,,90.2439024390244,real,42,outputs/experiments/kasteren/seed_42/mlp/baseline/baseline_confusion.json;outputs/experiments/kasteren/seed_42/mlp/noise/fixed_attacker/confusion.json;outputs/experiments/kasteren/seed_42/mlp/noise/fixed_attacker/defense_report.json;data/processed/kasteren/seed_42/meta.json,,193.0,,,903.0,194.0
0.2020725388601036,0.2124352331606217,0.200806778691394,,,,kasteren,0.0103626943005181,0.0011500862564692,,,,,,,,,"(88,)",,0.4995647374222633,,,noise,,retrain_attacker,mlp,0.4991031832390984,54.0,,,,0.3405088009011119,,,,95.1219512195122,real,42,outputs/experiments/kasteren/seed_42/mlp/baseline/baseline_confusion.json;outputs/experiments/kasteren/seed_42/mlp/noise/retrain_attacker/confusion.json;outputs/experiments/kasteren/seed_42/mlp/noise/retrain_attacker/defense_report.json;data/processed/kasteren/seed_42/meta.json,,193.0,,,903.0,194.0
0.3160621761658031,0.3626943005181347,0.3006532969381266,,,,kasteren,0.0466321243523316,0.0361721611721611,,,,,,,,,"(30, 14)",,0.2410784214080203,,,adaptive_ldp,,fixed_attacker,lstm,0.2148091916906182,54.0,,,,0.4485420250207629,,,,87.14285714285714,real,123,outputs/experiments/kasteren/seed_123/lstm/baseline/baseline_confusion.json;outputs/experiments/kasteren/seed_123/lstm/adaptive_ldp/fixed_attacker/confusion.json;outputs/experiments/kasteren/seed_123/lstm/adaptive_ldp/fixed_attacker/defense_report.json;data/processed/kasteren/seed_123/meta.json,,193.0,,,903.0,194.0
0.2642487046632124,0.3626943005181347,0.3006532969381266,,,,kasteren,0.0984455958549222,0.0332157357892652,,,,,,,,,"(30, 14)",,0.2410784214080203,,,adaptive_ldp,,retrain_attacker,lstm,0.2148091916906182,54.0,,,,0.4485420250207629,,,,72.85714285714285,real,123,outputs/experiments/kasteren/seed_123/lstm/baseline/baseline_confusion.json;outputs/experiments/kasteren/seed_123/lstm/adaptive_ldp/retrain_attacker/confusion.json;outputs/experiments/kasteren/seed_123/lstm/adaptive_ldp/retrain_attacker/defense_report.json;data/processed/kasteren/seed_123/meta.json,,193.0,,,903.0,194.0
0.3419689119170984,0.3626943005181347,0.3006532969381266,,,,kasteren,0.0207253886010362,0.0226790935672514,,,,,,,,,"(30, 14)",,0.5207924264973716,,,ldp,,fixed_attacker,lstm,1.0121388318546465,54.0,,,,0.1966522490560927,,,,94.28571428571428,real,123,outputs/experiments/kasteren/seed_123/lstm/baseline/baseline_confusion.json;outputs/experiments/kasteren/seed_123/lstm/ldp/fixed_attacker/confusion.json;outputs/experiments/kasteren/seed_123/lstm/ldp/fixed_attacker/defense_report.json;data/processed/kasteren/seed_123/meta.json,,193.0,,,903.0,194.0
0.3316062176165803,0.3626943005181347,0.3006532969381266,,,,kasteren,0.0310880829015544,0.0153534425133689,,,,,,,,,"(30, 14)",,0.5207924264973716,,,ldp,,retrain_attacker,lstm,1.0121388318546465,54.0,,,,0.1966522490560927,,,,91.42857142857144,real,123,outputs/experiments/kasteren/seed_123/lstm/baseline/baseline_confusion.json;outputs/experiments/kasteren/seed_123/lstm/ldp/retrain_attacker/confusion.json;outputs/experiments/kasteren/seed_123/lstm/ldp/retrain_attacker/defense_report.json;data/processed/kasteren/seed_123/meta.json,,193.0,,,903.0,194.0
0.2538860103626943,0.3626943005181347,0.3006532969381266,,,,kasteren,0.1088082901554404,0.094020879231756,,,,,,,,,"(30, 14)",,0.4980791589528379,,,noise,,fixed_attacker,lstm,0.4957203885891923,54.0,,,,0.3433903123199384,,,,70.0,real,123,outputs/experiments/kasteren/seed_123/lstm/baseline/baseline_confusion.json;outputs/experiments/kasteren/seed_123/lstm/noise/fixed_attacker/confusion.json;outputs/experiments/kasteren/seed_123/lstm/noise/fixed_attacker/defense_report.json;data/processed/kasteren/seed_123/meta.json,,193.0,,,903.0,194.0
0.2953367875647668,0.3626943005181347,0.3006532969381266,,,,kasteren,0.0673575129533678,0.0386592563660232,,,,,,,,,"(30, 14)",,0.4980791589528379,,,noise,,retrain_attacker,lstm,0.4957203885891923,54.0,,,,0.3433903123199384,,,,81.42857142857143,real,123,outputs/experiments/kasteren/seed_123/lstm/baseline/baseline_confusion.json;outputs/experiments/kasteren/seed_123/lstm/noise/retrain_attacker/confusion.json;outputs/experiments/kasteren/seed_123/lstm/noise/retrain_attacker/defense_report.json;data/processed/kasteren/seed_123/meta.json,,193.0,,,903.0,194.0
0.1658031088082901,0.1761658031088082,0.1462731712731712,,,,kasteren,0.0103626943005181,0.0089816933638443,,,,,,,,,"(88,)",,0.2410784214080203,,,adaptive_ldp,,fixed_attacker,mlp,0.2148091916906182,54.0,,,,0.4485420250207629,,,,94.11764705882352,real,123,outputs/experiments/kasteren/seed_123/mlp/baseline/baseline_confusion.json;outputs/experiments/kasteren/seed_123/mlp/adaptive_ldp/fixed_attacker/confusion.json;outputs/experiments/kasteren/seed_123/mlp/adaptive_ldp/fixed_attacker/defense_report.json;data/processed/kasteren/seed_123/meta.json,,193.0,,,903.0,194.0
0.1295336787564766,0.1761658031088082,0.1462731712731712,,,,kasteren,0.0466321243523316,0.0041365265904414,,,,,,,,,"(88,)",,0.2410784214080203,,,adaptive_ldp,,retrain_attacker,mlp,0.2148091916906182,54.0,,,,0.4485420250207629,,,,73.52941176470587,real,123,outputs/experiments/kasteren/seed_123/mlp/baseline/baseline_confusion.json;outputs/experiments/kasteren/seed_123/mlp/adaptive_ldp/retrain_attacker/confusion.json;outputs/experiments/kasteren/seed_123/mlp/adaptive_ldp/retrain_attacker/defense_report.json;data/processed/kasteren/seed_123/meta.json,,193.0,,,903.0,194.0
0.1658031088082901,0.1761658031088082,0.1462731712731712,,,,kasteren,0.0103626943005181,0.0010195118890771,,,,,,,,,"(88,)",,0.5207924264973716,,,ldp,,fixed_attacker,mlp,1.0121388318546465,54.0,,,,0.1966522490560927,,,,94.11764705882352,real,123,outputs/experiments/kasteren/seed_123/mlp/baseline/baseline_confusion.json;outputs/experiments/kasteren/seed_123/mlp/ldp/fixed_attacker/confusion.json;outputs/experiments/kasteren/seed_123/mlp/ldp/fixed_attacker/defense_report.json;data/processed/kasteren/seed_123/meta.json,,193.0,,,903.0,194.0
0.1709844559585492,0.1761658031088082,0.1462731712731712,,,,kasteren,0.005181347150259,0.0002241147467503,,,,,,,,,"(88,)",,0.5207924264973716,,,ldp,,retrain_attacker,mlp,1.0121388318546465,54.0,,,,0.1966522490560927,,,,97.05882352941175,real,123,outputs/experiments/kasteren/seed_123/mlp/baseline/baseline_confusion.json;outputs/experiments/kasteren/seed_123/mlp/ldp/retrain_attacker/confusion.json;outputs/experiments/kasteren/seed_123/mlp/ldp/retrain_attacker/defense_report.json;data/processed/kasteren/seed_123/meta.json,,193.0,,,903.0,194.0
0.160621761658031,0.1761658031088082,0.1462731712731712,,,,kasteren,0.0155440414507772,0.0006901311249137,,,,,,,,,"(88,)",,0.4980791589528379,,,noise,,fixed_attacker,mlp,0.4957203885891923,54.0,,,,0.3433903123199384,,,,91.17647058823528,real,123,outputs/experiments/kasteren/seed_123/mlp/baseline/baseline_confusion.json;outputs/experiments/kasteren/seed_123/mlp/noise/fixed_attacker/confusion.json;outputs/experiments/kasteren/seed_123/mlp/noise/fixed_attacker/defense_report.json;data/processed/kasteren/seed_123/meta.json,,193.0,,,903.0,194.0
0.155440414507772,0.1761658031088082,0.1462731712731712,,,,kasteren,0.0207253886010362,0.0028911890614018,,,,,,,,,"(88,)",,0.4980791589528379,,,noise,,retrain_attacker,mlp,0.4957203885891923,54.0,,,,0.3433903123199384,,,,88.23529411764707,real,123,outputs/experiments/kasteren/seed_123/mlp/baseline/baseline_confusion.json;outputs/experiments/kasteren/seed_123/mlp/noise/retrain_attacker/confusion.json;outputs/experiments/kasteren/seed_123/mlp/noise/retrain_attacker/defense_report.json;data/processed/kasteren/seed_123/meta.json,,193.0,,,903.0,194.0
0.2227979274611398,0.2901554404145077,0.2285667956291526,,,,kasteren,0.0673575129533678,0.0688656207524132,,,,,,,,,"(30, 14)",,0.2409165393439131,,,adaptive_ldp,,fixed_attacker,lstm,0.2158758342019184,54.0,,,,0.4490269356766964,,,,76.78571428571428,real,2026,outputs/experiments/kasteren/seed_2026/lstm/baseline/baseline_confusion.json;outputs/experiments/kasteren/seed_2026/lstm/adaptive_ldp/fixed_attacker/confusion.json;outputs/experiments/kasteren/seed_2026/lstm/adaptive_ldp/fixed_attacker/defense_report.json;data/processed/kasteren/seed_2026/meta.json,,193.0,,,903.0,194.0
0.2072538860103626,0.2901554404145077,0.2285667956291526,,,,kasteren,0.082901554404145,0.055192457115534,,,,,,,,,"(30, 14)",,0.2409165393439131,,,adaptive_ldp,,retrain_attacker,lstm,0.2158758342019184,54.0,,,,0.4490269356766964,,,,71.42857142857142,real,2026,outputs/experiments/kasteren/seed_2026/lstm/baseline/baseline_confusion.json;outputs/experiments/kasteren/seed_2026/lstm/adaptive_ldp/retrain_attacker/confusion.json;outputs/experiments/kasteren/seed_2026/lstm/adaptive_ldp/retrain_attacker/defense_report.json;data/processed/kasteren/seed_2026/meta.json,,193.0,,,903.0,194.0
0.2590673575129533,0.2901554404145077,0.2285667956291526,,,,kasteren,0.0310880829015544,0.0250828995565837,,,,,,,,,"(30, 14)",,0.5208793572052747,,,ldp,,fixed_attacker,lstm,1.0175500854291812,54.0,,,,0.1925987792788926,,,,89.28571428571429,real,2026,outputs/experiments/kasteren/seed_2026/lstm/baseline/baseline_confusion.json;outputs/experiments/kasteren/seed_2026/lstm/ldp/fixed_attacker/confusion.json;outputs/experiments/kasteren/seed_2026/lstm/ldp/fixed_attacker/defense_report.json;data/processed/kasteren/seed_2026/meta.json,,193.0,,,903.0,194.0
0.2694300518134714,0.2901554404145077,0.2285667956291526,,,,kasteren,0.0207253886010362,0.0072133095662507,,,,,,,,,"(30, 14)",,0.5208793572052747,,,ldp,,retrain_attacker,lstm,1.0175500854291812,54.0,,,,0.1925987792788926,,,,92.85714285714285,real,2026,outputs/experiments/kasteren/seed_2026/lstm/baseline/baseline_confusion.json;outputs/experiments/kasteren/seed_2026/lstm/ldp/retrain_attacker/confusion.json;outputs/experiments/kasteren/seed_2026/lstm/ldp/retrain_attacker/defense_report.json;data/processed/kasteren/seed_2026/meta.json,,193.0,,,903.0,194.0
0.2072538860103626,0.2901554404145077,0.2285667956291526,,,,kasteren,0.082901554404145,0.0527629421860191,,,,,,,,,"(30, 14)",,0.5002067747473916,,,noise,,fixed_attacker,lstm,0.5006261283427053,54.0,,,,0.3429282230629615,,,,71.42857142857142,real,2026,outputs/experiments/kasteren/seed_2026/lstm/baseline/baseline_confusion.json;outputs/experiments/kasteren/seed_2026/lstm/noise/fixed_attacker/confusion.json;outputs/experiments/kasteren/seed_2026/lstm/noise/fixed_attacker/defense_report.json;data/processed/kasteren/seed_2026/meta.json,,193.0,,,903.0,194.0
0.2538860103626942,0.2901554404145077,0.2285667956291526,,,,kasteren,0.0362694300518134,0.0158681318681318,,,,,,,,,"(30, 14)",,0.5002067747473916,,,noise,,retrain_attacker,lstm,0.5006261283427053,54.0,,,,0.3429282230629615,,,,87.49999999999999,real,2026,outputs/experiments/kasteren/seed_2026/lstm/baseline/baseline_confusion.json;outputs/experiments/kasteren/seed_2026/lstm/noise/retrain_attacker/confusion.json;outputs/experiments/kasteren/seed_2026/lstm/noise/retrain_attacker/defense_report.json;data/processed/kasteren/seed_2026/meta.json,,193.0,,,903.0,194.0
0.1036269430051813,0.1502590673575129,0.1028307987700932,,,,kasteren,0.0466321243523316,0.0057750896057347,,,,,,,,,"(88,)",,0.2409165393439131,,,adaptive_ldp,,fixed_attacker,mlp,0.2158758342019184,54.0,,,,0.4490269356766964,,,,68.96551724137932,real,2026,outputs/experiments/kasteren/seed_2026/mlp/baseline/baseline_confusion.json;outputs/experiments/kasteren/seed_2026/mlp/adaptive_ldp/fixed_attacker/confusion.json;outputs/experiments/kasteren/seed_2026/mlp/adaptive_ldp/fixed_attacker/defense_report.json;data/processed/kasteren/seed_2026/meta.json,,193.0,,,903.0,194.0
0.1088082901554404,0.1502590673575129,0.1028307987700932,,,,kasteren,0.0414507772020725,0.0030597722960151,,,,,,,,,"(88,)",,0.2409165393439131,,,adaptive_ldp,,retrain_attacker,mlp,0.2158758342019184,54.0,,,,0.4490269356766964,,,,72.41379310344827,real,2026,outputs/experiments/kasteren/seed_2026/mlp/baseline/baseline_confusion.json;outputs/experiments/kasteren/seed_2026/mlp/adaptive_ldp/retrain_attacker/confusion.json;outputs/experiments/kasteren/seed_2026/mlp/adaptive_ldp/retrain_attacker/defense_report.json;data/processed/kasteren/seed_2026/meta.json,,193.0,,,903.0,194.0
0.1347150259067357,0.1502590673575129,0.1028307987700932,,,,kasteren,0.0155440414507772,0.0037157287157287,,,,,,,,,"(88,)",,0.5208793572052747,,,ldp,,fixed_attacker,mlp,1.0175500854291812,54.0,,,,0.1925987792788926,,,,89.65517241379311,real,2026,outputs/experiments/kasteren/seed_2026/mlp/baseline/baseline_confusion.json;outputs/experiments/kasteren/seed_2026/mlp/ldp/fixed_attacker/confusion.json;outputs/experiments/kasteren/seed_2026/mlp/ldp/fixed_attacker/defense_report.json;data/processed/kasteren/seed_2026/meta.json,,193.0,,,903.0,194.0
0.0880829015544041,0.1502590673575129,0.1028307987700932,,,,kasteren,0.0621761658031088,0.0024390243902439,,,,,,,,,"(88,)",,0.5208793572052747,,,ldp,,retrain_attacker,mlp,1.0175500854291812,54.0,,,,0.1925987792788926,,,,58.62068965517242,real,2026,outputs/experiments/kasteren/seed_2026/mlp/baseline/baseline_confusion.json;outputs/experiments/kasteren/seed_2026/mlp/ldp/retrain_attacker/confusion.json;outputs/experiments/kasteren/seed_2026/mlp/ldp/retrain_attacker/defense_report.json;data/processed/kasteren/seed_2026/meta.json,,193.0,,,903.0,194.0
0.0932642487046632,0.1502590673575129,0.1028307987700932,,,,kasteren,0.0569948186528497,0.0037507427213309,,,,,,,,,"(88,)",,0.5002067747473916,,,noise,,fixed_attacker,mlp,0.5006261283427053,54.0,,,,0.3429282230629615,,,,62.06896551724137,real,2026,outputs/experiments/kasteren/seed_2026/mlp/baseline/baseline_confusion.json;outputs/experiments/kasteren/seed_2026/mlp/noise/fixed_attacker/confusion.json;outputs/experiments/kasteren/seed_2026/mlp/noise/fixed_attacker/defense_report.json;data/processed/kasteren/seed_2026/meta.json,,193.0,,,903.0,194.0
0.1398963730569948,0.1502590673575129,0.1028307987700932,,,,kasteren,0.0103626943005181,0.0011574074074074,,,,,,,,,"(88,)",,0.5002067747473916,,,noise,,retrain_attacker,mlp,0.5006261283427053,54.0,,,,0.3429282230629615,,,,93.10344827586206,real,2026,outputs/experiments/kasteren/seed_2026/mlp/baseline/baseline_confusion.json;outputs/experiments/kasteren/seed_2026/mlp/noise/retrain_attacker/confusion.json;outputs/experiments/kasteren/seed_2026/mlp/noise/retrain_attacker/defense_report.json;data/processed/kasteren/seed_2026/meta.json,,193.0,,,903.0,194.0
0.6396335256192739,0.836443841194435,0.8326391825508349,,,,uci_har,0.1968103155751611,0.082514176974594,,,,,,,,,"(128, 9)",,0.3912636690310204,,,adaptive_ldp,,fixed_attacker,lstm,0.71507654144235,6.0,,,,0.3101393509287957,,,,76.47058823529413,real,42,outputs/experiments/uci_har/seed_42/lstm/baseline/baseline_confusion.json;outputs/experiments/uci_har/seed_42/lstm/adaptive_ldp/fixed_attacker/confusion.json;outputs/experiments/uci_har/seed_42/lstm/adaptive_ldp/fixed_attacker/defense_report.json;data/processed/uci_har/seed_42/meta.json,,2947.0,,,5881.0,1471.0
0.2256532066508313,0.836443841194435,0.8326391825508349,,,,uci_har,0.6107906345436037,0.5489227633253686,,,,,,,,,"(128, 9)",,0.3912636690310204,,,adaptive_ldp,,retrain_attacker,lstm,0.71507654144235,6.0,,,,0.3101393509287957,,,,26.977687626774845,real,42,outputs/experiments/uci_har/seed_42/lstm/baseline/baseline_confusion.json;outputs/experiments/uci_har/seed_42/lstm/adaptive_ldp/retrain_attacker/confusion.json;outputs/experiments/uci_har/seed_42/lstm/adaptive_ldp/retrain_attacker/defense_report.json;data/processed/uci_har/seed_42/meta.json,,2947.0,,,5881.0,1471.0
0.6542246352222599,0.836443841194435,0.8326391825508349,,,,uci_har,0.182219205972175,0.0514515665421098,,,,,,,,,"(128, 9)",,0.6019449754957229,,,ldp,,fixed_attacker,lstm,1.0605381086205128,6.0,,,,0.2601775961557201,,,,78.21501014198783,real,42,outputs/experiments/uci_har/seed_42/lstm/baseline/baseline_confusion.json;outputs/experiments/uci_har/seed_42/lstm/ldp/fixed_attacker/confusion.json;outputs/experiments/uci_har/seed_42/lstm/ldp/fixed_attacker/defense_report.json;data/processed/uci_har/seed_42/meta.json,,2947.0,,,5881.0,1471.0
0.4621649134713268,0.836443841194435,0.8326391825508349,,,,uci_har,0.3742789277231082,0.2827041048279435,,,,,,,,,"(128, 9)",,0.6019449754957229,,,ldp,,retrain_attacker,lstm,1.0605381086205128,6.0,,,,0.2601775961557201,,,,55.25354969574037,real,42,outputs/experiments/uci_har/seed_42/lstm/baseline/baseline_confusion.json;outputs/experiments/uci_har/seed_42/lstm/ldp/retrain_attacker/confusion.json;outputs/experiments/uci_har/seed_42/lstm/ldp/retrain_attacker/defense_report.json;data/processed/uci_har/seed_42/meta.json,,2947.0,,,5881.0,1471.0
0.4122836783169325,0.836443841194435,0.8326391825508349,,,,uci_har,0.4241601628775025,0.3690439962740434,,,,,,,,,"(128, 9)",,0.5000535215727714,,,noise,,fixed_attacker,lstm,0.5001426135508552,6.0,,,,0.492560356051882,,,,49.29006085192698,real,42,outputs/experiments/uci_har/seed_42/lstm/baseline/baseline_confusion.json;outputs/experiments/uci_har/seed_42/lstm/noise/fixed_attacker/confusion.json;outputs/experiments/uci_har/seed_42/lstm/noise/fixed_attacker/defense_report.json;data/processed/uci_har/seed_42/meta.json,,2947.0,,,5881.0,1471.0
0.2592466915507295,0.836443841194435,0.8326391825508349,,,,uci_har,0.5771971496437055,0.5128280213588136,,,,,,,,,"(128, 9)",,0.5000535215727714,,,noise,,retrain_attacker,lstm,0.5001426135508552,6.0,,,,0.492560356051882,,,,30.993914807302232,real,42,outputs/experiments/uci_har/seed_42/lstm/baseline/baseline_confusion.json;outputs/experiments/uci_har/seed_42/lstm/noise/retrain_attacker/confusion.json;outputs/experiments/uci_har/seed_42/lstm/noise/retrain_attacker/defense_report.json;data/processed/uci_har/seed_42/meta.json,,2947.0,,,5881.0,1471.0
0.5120461486257211,0.7974211062097047,0.7908078181634011,,,,uci_har,0.2853749575839837,0.2025814756439499,,,,,,,,,"(58,)",,0.3912636690310204,,,adaptive_ldp,,fixed_attacker,mlp,0.71507654144235,6.0,,,,0.3101393509287957,,,,64.21276595744682,real,42,outputs/experiments/uci_har/seed_42/mlp/baseline/baseline_confusion.json;outputs/experiments/uci_har/seed_42/mlp/adaptive_ldp/fixed_attacker/confusion.json;outputs/experiments/uci_har/seed_42/mlp/adaptive_ldp/fixed_attacker/defense_report.json;data/processed/uci_har/seed_42/meta.json,,2947.0,,,5881.0,1471.0
0.0824567356633864,0.7974211062097047,0.7908078181634011,,,,uci_har,0.7149643705463183,0.7029087659716732,,,,,,,,,"(58,)",,0.3912636690310204,,,adaptive_ldp,,retrain_attacker,mlp,0.71507654144235,6.0,,,,0.3101393509287957,,,,10.340425531914883,real,42,outputs/experiments/uci_har/seed_42/mlp/baseline/baseline_confusion.json;outputs/experiments/uci_har/seed_42/mlp/adaptive_ldp/retrain_attacker/confusion.json;outputs/experiments/uci_har/seed_42/mlp/adaptive_ldp/retrain_attacker/defense_report.json;data/processed/uci_har/seed_42/meta.json,,2947.0,,,5881.0,1471.0
0.6301323379708177,0.7974211062097047,0.7908078181634011,,,,uci_har,0.167288768238887,0.0517150403453351,,,,,,,,,"(58,)",,0.6019449754957229,,,ldp,,fixed_attacker,mlp,1.0605381086205128,6.0,,,,0.2601775961557201,,,,79.02127659574467,real,42,outputs/experiments/uci_har/seed_42/mlp/baseline/baseline_confusion.json;outputs/experiments/uci_har/seed_42/mlp/ldp/fixed_attacker/confusion.json;outputs/experiments/uci_har/seed_42/mlp/ldp/fixed_attacker/defense_report.json;data/processed/uci_har/seed_42/meta.json,,2947.0,,,5881.0,1471.0
0.2103834407872412,0.7974211062097047,0.7908078181634011,,,,uci_har,0.5870376654224635,0.5685572213231781,,,,,,,,,"(58,)",,0.6019449754957229,,,ldp,,retrain_attacker,mlp,1.0605381086205128,6.0,,,,0.2601775961557201,,,,26.382978723404253,real,42,outputs/experiments/uci_har/seed_42/mlp/baseline/baseline_confusion.json;outputs/experiments/uci_har/seed_42/mlp/ldp/retrain_attacker/confusion.json;outputs/experiments/uci_har/seed_42/mlp/ldp/retrain_attacker/defense_report.json;data/processed/uci_har/seed_42/meta.json,,2947.0,,,5881.0,1471.0
0.6287750254496097,0.7974211062097047,0.7908078181634011,,,,uci_har,0.168646080760095,0.0848925703022628,,,,,,,,,"(58,)",,0.5000535215727714,,,noise,,fixed_attacker,mlp,0.5001426135508552,6.0,,,,0.492560356051882,,,,78.85106382978722,real,42,outputs/experiments/uci_har/seed_42/mlp/baseline/baseline_confusion.json;outputs/experiments/uci_har/seed_42/mlp/noise/fixed_attacker/confusion.json;outputs/experiments/uci_har/seed_42/mlp/noise/fixed_attacker/defense_report.json;data/processed/uci_har/seed_42/meta.json,,2947.0,,,5881.0,1471.0
0.2002035968781811,0.7974211062097047,0.7908078181634011,,,,uci_har,0.5972175093315236,0.5855676831572957,,,,,,,,,"(58,)",,0.5000535215727714,,,noise,,retrain_attacker,mlp,0.5001426135508552,6.0,,,,0.492560356051882,,,,25.1063829787234,real,42,outputs/experiments/uci_har/seed_42/mlp/baseline/baseline_confusion.json;outputs/experiments/uci_har/seed_42/mlp/noise/retrain_attacker/confusion.json;outputs/experiments/uci_har/seed_42/mlp/noise/retrain_attacker/defense_report.json;data/processed/uci_har/seed_42/meta.json,,2947.0,,,5881.0,1471.0
0.180183237190363,0.668815744825246,0.6493991053976269,,,,uci_har,0.4886325076348829,0.4553666060597477,,,,,,,,,"(128, 9)",,0.3910964752653249,,,adaptive_ldp,,fixed_attacker,lstm,0.7136159617124922,6.0,,,,0.3101524119843754,,,,26.94063926940639,real,123,outputs/experiments/uci_har/seed_123/lstm/baseline/baseline_confusion.json;outputs/experiments/uci_har/seed_123/lstm/adaptive_ldp/fixed_attacker/confusion.json;outputs/experiments/uci_har/seed_123/lstm/adaptive_ldp/fixed_attacker/defense_report.json;data/processed/uci_har/seed_123/meta.json,,2947.0,,,5881.0,1471.0
0.0844927044451985,0.668815744825246,0.6493991053976269,,,,uci_har,0.5843230403800475,0.5204097523636332,,,,,,,,,"(128, 9)",,0.3910964752653249,,,adaptive_ldp,,retrain_attacker,lstm,0.7136159617124922,6.0,,,,0.3101524119843754,,,,12.633181126331811,real,123,outputs/experiments/uci_har/seed_123/lstm/baseline/baseline_confusion.json;outputs/experiments/uci_har/seed_123/lstm/adaptive_ldp/retrain_attacker/confusion.json;outputs/experiments/uci_har/seed_123/lstm/adaptive_ldp/retrain_attacker/defense_report.json;data/processed/uci_har/seed_123/meta.json,,2947.0,,,5881.0,1471.0
0.4879538513742789,0.668815744825246,0.6493991053976269,,,,uci_har,0.1808618934509671,0.124000644738244,,,,,,,,,"(128, 9)",,0.6017431239198214,,,ldp,,fixed_attacker,lstm,1.0596049569989907,6.0,,,,0.2607824715201451,,,,72.95788939624556,real,123,outputs/experiments/uci_har/seed_123/lstm/baseline/baseline_confusion.json;outputs/experiments/uci_har/seed_123/lstm/ldp/fixed_attacker/confusion.json;outputs/experiments/uci_har/seed_123/lstm/ldp/fixed_attacker/defense_report.json;data/processed/uci_har/seed_123/meta.json,,2947.0,,,5881.0,1471.0
0.3199864268747879,0.668815744825246,0.6493991053976269,,,,uci_har,0.3488293179504581,0.2450648761073209,,,,,,,,,"(128, 9)",,0.6017431239198214,,,ldp,,retrain_attacker,lstm,1.0596049569989907,6.0,,,,0.2607824715201451,,,,47.84373414510401,real,123,outputs/experiments/uci_har/seed_123/lstm/baseline/baseline_confusion.json;outputs/experiments/uci_har/seed_123/lstm/ldp/retrain_attacker/confusion.json;outputs/experiments/uci_har/seed_123/lstm/ldp/retrain_attacker/defense_report.json;data/processed/uci_har/seed_123/meta.json,,2947.0,,,5881.0,1471.0
0.34068544282321,0.668815744825246,0.6493991053976269,,,,uci_har,0.3281303020020359,0.2858278376488747,,,,,,,,,"(128, 9)",,0.500030198002745,,,noise,,fixed_attacker,lstm,0.4999640866775363,6.0,,,,0.4924533650345407,,,,50.93860984271943,real,123,outputs/experiments/uci_har/seed_123/lstm/baseline/baseline_confusion.json;outputs/experiments/uci_har/seed_123/lstm/noise/fixed_attacker/confusion.json;outputs/experiments/uci_har/seed_123/lstm/noise/fixed_attacker/defense_report.json;data/processed/uci_har/seed_123/meta.json,,2947.0,,,5881.0,1471.0
0.1567695961995249,0.668815744825246,0.6493991053976269,,,,uci_har,0.5120461486257211,0.4108440113291164,,,,,,,,,"(128, 9)",,0.500030198002745,,,noise,,retrain_attacker,lstm,0.4999640866775363,6.0,,,,0.4924533650345407,,,,23.43987823439878,real,123,outputs/experiments/uci_har/seed_123/lstm/baseline/baseline_confusion.json;outputs/experiments/uci_har/seed_123/lstm/noise/retrain_attacker/confusion.json;outputs/experiments/uci_har/seed_123/lstm/noise/retrain_attacker/defense_report.json;data/processed/uci_har/seed_123/meta.json,,2947.0,,,5881.0,1471.0
0.5914489311163895,0.8157448252460129,0.8092316388515185,,,,uci_har,0.2242958941296233,0.181069315997033,,,,,,,,,"(58,)",,0.3910964752653249,,,adaptive_ldp,,fixed_attacker,mlp,0.7136159617124922,6.0,,,,0.3101524119843754,,,,72.50415973377704,real,123,outputs/experiments/uci_har/seed_123/mlp/baseline/baseline_confusion.json;outputs/experiments/uci_har/seed_123/mlp/adaptive_ldp/fixed_attacker/confusion.json;outputs/experiments/uci_har/seed_123/mlp/adaptive_ldp/fixed_attacker/defense_report.json;data/processed/uci_har/seed_123/meta.json,,2947.0,,,5881.0,1471.0
0.0984051577875806,0.8157448252460129,0.8092316388515185,,,,uci_har,0.7173396674584323,0.703229780000474,,,,,,,,,"(58,)",,0.3910964752653249,,,adaptive_ldp,,retrain_attacker,mlp,0.7136159617124922,6.0,,,,0.3101524119843754,,,,12.063227953410989,real,123,outputs/experiments/uci_har/seed_123/mlp/baseline/baseline_confusion.json;outputs/experiments/uci_har/seed_123/mlp/adaptive_ldp/retrain_attacker/confusion.json;outputs/experiments/uci_har/seed_123/mlp/adaptive_ldp/retrain_attacker/defense_report.json;data/processed/uci_har/seed_123/meta.json,,2947.0,,,5881.0,1471.0
0.6491347132677299,0.8157448252460129,0.8092316388515185,,,,uci_har,0.166610111978283,0.0476329064804035,,,,,,,,,"(58,)",,0.6017431239198214,,,ldp,,fixed_attacker,mlp,1.0596049569989907,6.0,,,,0.2607824715201451,,,,79.57570715474209,real,123,outputs/experiments/uci_har/seed_123/mlp/baseline/baseline_confusion.json;outputs/experiments/uci_har/seed_123/mlp/ldp/fixed_attacker/confusion.json;outputs/experiments/uci_har/seed_123/mlp/ldp/fixed_attacker/defense_report.json;data/processed/uci_har/seed_123/meta.json,,2947.0,,,5881.0,1471.0
0.2321004411265693,0.8157448252460129,0.8092316388515185,,,,uci_har,0.5836443841194435,0.5761759148336169,,,,,,,,,"(58,)",,0.6017431239198214,,,ldp,,retrain_attacker,mlp,1.0596049569989907,6.0,,,,0.2607824715201451,,,,28.45257903494176,real,123,outputs/experiments/uci_har/seed_123/mlp/baseline/baseline_confusion.json;outputs/experiments/uci_har/seed_123/mlp/ldp/retrain_attacker/confusion.json;outputs/experiments/uci_har/seed_123/mlp/ldp/retrain_attacker/defense_report.json;data/processed/uci_har/seed_123/meta.json,,2947.0,,,5881.0,1471.0
0.5771971496437054,0.8157448252460129,0.8092316388515185,,,,uci_har,0.2385476756023074,0.1611235997152598,,,,,,,,,"(58,)",,0.500030198002745,,,noise,,fixed_attacker,mlp,0.4999640866775363,6.0,,,,0.4924533650345407,,,,70.75707154742096,real,123,outputs/experiments/uci_har/seed_123/mlp/baseline/baseline_confusion.json;outputs/experiments/uci_har/seed_123/mlp/noise/fixed_attacker/confusion.json;outputs/experiments/uci_har/seed_123/mlp/noise/fixed_attacker/defense_report.json;data/processed/uci_har/seed_123/meta.json,,2947.0,,,5881.0,1471.0
0.2015609093993892,0.8157448252460129,0.8092316388515185,,,,uci_har,0.6141839158466237,0.6059480958948135,,,,,,,,,"(58,)",,0.500030198002745,,,noise,,retrain_attacker,mlp,0.4999640866775363,6.0,,,,0.4924533650345407,,,,24.70881863560732,real,123,outputs/experiments/uci_har/seed_123/mlp/baseline/baseline_confusion.json;outputs/experiments/uci_har/seed_123/mlp/noise/retrain_attacker/confusion.json;outputs/experiments/uci_har/seed_123/mlp/noise/retrain_attacker/defense_report.json;data/processed/uci_har/seed_123/meta.json,,2947.0,,,5881.0,1471.0
0.0464879538513742,0.5894129623345775,0.4997427672712458,,,,uci_har,0.5429250084832032,0.4663918625412492,,,,,,,,,"(128, 9)",,0.3911827349881371,,,adaptive_ldp,,fixed_attacker,lstm,0.7143726837161751,6.0,,,,0.3101778199212531,,,,7.887161773172135,real,2026,outputs/experiments/uci_har/seed_2026/lstm/baseline/baseline_confusion.json;outputs/experiments/uci_har/seed_2026/lstm/adaptive_ldp/fixed_attacker/confusion.json;outputs/experiments/uci_har/seed_2026/lstm/adaptive_ldp/fixed_attacker/defense_report.json;data/processed/uci_har/seed_2026/meta.json,,2947.0,,,5881.0,1471.0
-0.0587037665422464,0.5894129623345775,0.4997427672712458,,,,uci_har,0.6481167288768239,0.6119382019865565,,,,,,,,,"(128, 9)",,0.3911827349881371,,,adaptive_ldp,,retrain_attacker,lstm,0.7143726837161751,6.0,,,,0.3101778199212531,,,,-9.959700633275771,real,2026,outputs/experiments/uci_har/seed_2026/lstm/baseline/baseline_confusion.json;outputs/experiments/uci_har/seed_2026/lstm/adaptive_ldp/retrain_attacker/confusion.json;outputs/experiments/uci_har/seed_2026/lstm/adaptive_ldp/retrain_attacker/defense_report.json;data/processed/uci_har/seed_2026/meta.json,,2947.0,,,5881.0,1471.0
0.3617237869019342,0.5894129623345775,0.4997427672712458,,,,uci_har,0.2276891754326433,0.1629141135881414,,,,,,,,,"(128, 9)",,0.6018105147267301,,,ldp,,fixed_attacker,lstm,1.060039816778786,6.0,,,,0.2605436475570403,,,,61.37017846862407,real,2026,outputs/experiments/uci_har/seed_2026/lstm/baseline/baseline_confusion.json;outputs/experiments/uci_har/seed_2026/lstm/ldp/fixed_attacker/confusion.json;outputs/experiments/uci_har/seed_2026/lstm/ldp/fixed_attacker/defense_report.json;data/processed/uci_har/seed_2026/meta.json,,2947.0,,,5881.0,1471.0
0.2256532066508313,0.5894129623345775,0.4997427672712458,,,,uci_har,0.3637597556837462,0.2635002820370183,,,,,,,,,"(128, 9)",,0.6018105147267301,,,ldp,,retrain_attacker,lstm,1.060039816778786,6.0,,,,0.2605436475570403,,,,38.28439838802532,real,2026,outputs/experiments/uci_har/seed_2026/lstm/baseline/baseline_confusion.json;outputs/experiments/uci_har/seed_2026/lstm/ldp/retrain_attacker/confusion.json;outputs/experiments/uci_har/seed_2026/lstm/ldp/retrain_attacker/defense_report.json;data/processed/uci_har/seed_2026/meta.json,,2947.0,,,5881.0,1471.0
0.2392263318629114,0.5894129623345775,0.4997427672712458,,,,uci_har,0.3501866304716661,0.2574611551954617,,,,,,,,,"(128, 9)",,0.5001009182149014,,,noise,,fixed_attacker,lstm,0.5002594098298141,6.0,,,,0.4924596846871505,,,,40.58721934369603,real,2026,outputs/experiments/uci_har/seed_2026/lstm/baseline/baseline_confusion.json;outputs/experiments/uci_har/seed_2026/lstm/noise/fixed_attacker/confusion.json;outputs/experiments/uci_har/seed_2026/lstm/noise/fixed_attacker/defense_report.json;data/processed/uci_har/seed_2026/meta.json,,2947.0,,,5881.0,1471.0
-0.2263318629114353,0.5894129623345775,0.4997427672712458,,,,uci_har,0.8157448252460129,0.814805912180422,,,,,,,,,"(128, 9)",,0.5001009182149014,,,noise,,retrain_attacker,lstm,0.5002594098298141,6.0,,,,0.4924596846871505,,,,-38.39953943580887,real,2026,outputs/experiments/uci_har/seed_2026/lstm/baseline/baseline_confusion.json;outputs/experiments/uci_har/seed_2026/lstm/noise/retrain_attacker/confusion.json;outputs/experiments/uci_har/seed_2026/lstm/noise/retrain_attacker/defense_report.json;data/processed/uci_har/seed_2026/meta.json,,2947.0,,,5881.0,1471.0
0.5419070240922973,0.8052256532066508,0.8002938982953446,,,,uci_har,0.2633186291143535,0.1674800116985869,,,,,,,,,"(58,)",,0.3911827349881371,,,adaptive_ldp,,fixed_attacker,mlp,0.7143726837161751,6.0,,,,0.3101778199212531,,,,67.29877791824694,real,2026,outputs/experiments/uci_har/seed_2026/mlp/baseline/baseline_confusion.json;outputs/experiments/uci_har/seed_2026/mlp/adaptive_ldp/fixed_attacker/confusion.json;outputs/experiments/uci_har/seed_2026/mlp/adaptive_ldp/fixed_attacker/defense_report.json;data/processed/uci_har/seed_2026/meta.json,,2947.0,,,5881.0,1471.0
0.1017984390906006,0.8052256532066508,0.8002938982953446,,,,uci_har,0.7034272141160502,0.6877112283003228,,,,,,,,,"(58,)",,0.3911827349881371,,,adaptive_ldp,,retrain_attacker,mlp,0.7143726837161751,6.0,,,,0.3101778199212531,,,,12.64222503160556,real,2026,outputs/experiments/uci_har/seed_2026/mlp/baseline/baseline_confusion.json;outputs/experiments/uci_har/seed_2026/mlp/adaptive_ldp/retrain_attacker/confusion.json;outputs/experiments/uci_har/seed_2026/mlp/adaptive_ldp/retrain_attacker/defense_report.json;data/processed/uci_har/seed_2026/meta.json,,2947.0,,,5881.0,1471.0
0.6386155412283678,0.8052256532066508,0.8002938982953446,,,,uci_har,0.166610111978283,0.0476051968198565,,,,,,,,,"(58,)",,0.6018105147267301,,,ldp,,fixed_attacker,mlp,1.060039816778786,6.0,,,,0.2605436475570403,,,,79.30889169827223,real,2026,outputs/experiments/uci_har/seed_2026/mlp/baseline/baseline_confusion.json;outputs/experiments/uci_har/seed_2026/mlp/ldp/fixed_attacker/confusion.json;outputs/experiments/uci_har/seed_2026/mlp/ldp/fixed_attacker/defense_report.json;data/processed/uci_har/seed_2026/meta.json,,2947.0,,,5881.0,1471.0
0.2304038004750593,0.8052256532066508,0.8002938982953446,,,,uci_har,0.5748218527315915,0.5695232395669679,,,,,,,,,"(58,)",,0.6018105147267301,,,ldp,,retrain_attacker,mlp,1.060039816778786,6.0,,,,0.2605436475570403,,,,28.613569321533923,real,2026,outputs/experiments/uci_har/seed_2026/mlp/baseline/baseline_confusion.json;outputs/experiments/uci_har/seed_2026/mlp/ldp/retrain_attacker/confusion.json;outputs/experiments/uci_har/seed_2026/mlp/ldp/retrain_attacker/defense_report.json;data/processed/uci_har/seed_2026/meta.json,,2947.0,,,5881.0,1471.0
0.6396335256192739,0.8052256532066508,0.8002938982953446,,,,uci_har,0.1655921275873769,0.0809229196166356,,,,,,,,,"(58,)",,0.5001009182149014,,,noise,,fixed_attacker,mlp,0.5002594098298141,6.0,,,,0.4924596846871505,,,,79.43531394858829,real,2026,outputs/experiments/uci_har/seed_2026/mlp/baseline/baseline_confusion.json;outputs/experiments/uci_har/seed_2026/mlp/noise/fixed_attacker/confusion.json;outputs/experiments/uci_har/seed_2026/mlp/noise/fixed_attacker/defense_report.json;data/processed/uci_har/seed_2026/meta.json,,2947.0,,,5881.0,1471.0
0.2107227689175432,0.8052256532066508,0.8002938982953446,,,,uci_har,0.5945028842891076,0.5780038706335185,,,,,,,,,"(58,)",,0.5001009182149014,,,noise,,retrain_attacker,mlp,0.5002594098298141,6.0,,,,0.4924596846871505,,,,26.169405815423517,real,2026,outputs/experiments/uci_har/seed_2026/mlp/baseline/baseline_confusion.json;outputs/experiments/uci_har/seed_2026/mlp/noise/retrain_attacker/confusion.json;outputs/experiments/uci_har/seed_2026/mlp/noise/retrain_attacker/defense_report.json;data/processed/uci_har/seed_2026/meta.json,,2947.0,,,5881.0,1471.0
0.0626881457977381,0.2489626556016597,,61072.0,0.1969176108826401,,,0.1862745098039215,,True,10048.0,209.33333333333331,0.1644224774448029,True,752858.2628512001,0.000784752477029,0.1770663454410794,,False,,41.51874107570399,1401.773728595721,dummy_noise,cooja_simulation_and_energest_estimate,fixed_attacker,,,,82.16800000000015,4508.416666666664,0.1969176108826401,,1272.3333333333333,51024.0,1063.0,,cooja,mean_over_seeds,,"{""radio_log"": ""\\\\wsl$\\Ubuntu-22.04\\home\\linchen\\iot-privacy-project\\Radiomsg_dummy_noise.txt"", ""app_log"": ""\\\\wsl$\\Ubuntu-22.04\\home\\linchen\\iot-privacy-project\\loglistener_dummy_noise.txt""}",,,,,
-0.0108412659669677,0.2489626556016597,,61072.0,0.1969176108826401,,,0.2598039215686274,,True,10048.0,209.33333333333331,0.1644224774448029,True,752858.2628512001,0.000784752477029,0.2396555689921748,,False,,41.51874107570399,1401.773728595721,dummy_noise,cooja_simulation_and_energest_estimate,retrain_attacker,,,,82.16800000000015,4508.416666666664,0.1969176108826401,,1272.3333333333333,51024.0,1063.0,,cooja,mean_over_seeds,,"{""radio_log"": ""\\\\wsl$\\Ubuntu-22.04\\home\\linchen\\iot-privacy-project\\Radiomsg_dummy_noise.txt"", ""app_log"": ""\\\\wsl$\\Ubuntu-22.04\\home\\linchen\\iot-privacy-project\\loglistener_dummy_noise.txt""}",,,,,
0.0350180519722423,0.2489626556016597,,68960.0,0.3435114084534374,,,0.2139446036294174,,True,17632.0,367.3333333333333,0.2555743250051861,True,753396.2765824,0.0015016495581371,0.19967997259897,,False,,41.46311729787541,1241.7890317593192,dummy_ldp,cooja_simulation_and_energest_estimate,fixed_attacker,,,,82.96800000000802,4203.7,0.3435114084534374,,1436.6666666666667,51328.0,1069.3333333333333,,cooja,mean_over_seeds,,"{""radio_log"": ""\\\\wsl$\\Ubuntu-22.04\\home\\linchen\\iot-privacy-project\\Radiomsg_dummy_ldp.txt"", ""app_log"": ""\\\\wsl$\\Ubuntu-22.04\\home\\linchen\\iot-privacy-project\\loglistener_dummy_ldp.txt""}",,,,,
0.0197362945701411,0.2489626556016597,,68960.0,0.3435114084534374,,,0.2292263610315186,,True,17632.0,367.3333333333333,0.2555743250051861,True,753396.2765824,0.0015016495581371,0.2247362445321789,,False,,41.46311729787541,1241.7890317593192,dummy_ldp,cooja_simulation_and_energest_estimate,retrain_attacker,,,,82.96800000000802,4203.7,0.3435114084534374,,1436.6666666666667,51328.0,1069.3333333333333,,cooja,mean_over_seeds,,"{""radio_log"": ""\\\\wsl$\\Ubuntu-22.04\\home\\linchen\\iot-privacy-project\\Radiomsg_dummy_ldp.txt"", ""app_log"": ""\\\\wsl$\\Ubuntu-22.04\\home\\linchen\\iot-privacy-project\\loglistener_dummy_ldp.txt""}",,,,,
0.0394109986815817,0.2489626556016597,,64608.0,0.2619093208502251,,,0.2095516569200779,,True,13408.0,279.3333333333333,0.2074997721519934,True,750774.8022048,-0.0019933770690518,0.1975486310967848,,False,,40.76528934790824,1325.1740412944307,dummy_adaptive_ldp,cooja_simulation_and_energest_estimate,fixed_attacker,,,,80.96800000004684,4240.133333333333,0.2619093208502251,,1346.0,51200.0,1066.6666666666667,,cooja,mean_over_seeds,,"{""radio_log"": ""\\\\wsl$\\Ubuntu-22.04\\home\\linchen\\iot-privacy-project\\Radiomsg_dummy_adaptive.txt"", ""app_log"": ""\\\\wsl$\\Ubuntu-22.04\\home\\linchen\\iot-privacy-project\\loglistener_dummy_adaptive.txt""}",,,,,
0.0062725971221276,0.2489626556016597,,64608.0,0.2619093208502251,,,0.2426900584795321,,True,13408.0,279.3333333333333,0.2074997721519934,True,750774.8022048,-0.0019933770690518,0.2405971839637652,,False,,40.76528934790824,1325.1740412944307,dummy_adaptive_ldp,cooja_simulation_and_energest_estimate,retrain_attacker,,,,80.96800000004684,4240.133333333333,0.2619093208502251,,1346.0,51200.0,1066.6666666666667,,cooja,mean_over_seeds,,"{""radio_log"": ""\\\\wsl$\\Ubuntu-22.04\\home\\linchen\\iot-privacy-project\\Radiomsg_dummy_adaptive.txt"", ""app_log"": ""\\\\wsl$\\Ubuntu-22.04\\home\\linchen\\iot-privacy-project\\loglistener_dummy_adaptive.txt""}",,,,,
